2026-08-13 08:32:30,967 INFO pentad: 6855 prompts, 596 seeds
2026-08-13 08:32:30,967 INFO === phi-4-mini-instruct ===
2026-08-13 08:32:32,423 INFO Loading model: phi-4-mini-instruct (microsoft/Phi-4-mini-instruct) ...
2026-08-13 08:32:33,904 WARNING flash_attention_2 unavailable for phi-4-mini-instruct (FlashAttention2 has been toggled on, but it cannot be used due to the following error: the package flash_attn seems to be not installed. Please refer to the doc); falling back to sdpa
Loading checkpoint shards:   0%|          | 0/2 [00:00<?, ?it/s]Loading checkpoint shards:  50%|█████     | 1/2 [00:01<00:01,  1.23s/it]Loading checkpoint shards: 100%|██████████| 2/2 [00:01<00:00,  1.30it/s]Loading checkpoint shards: 100%|██████████| 2/2 [00:01<00:00,  1.19it/s]
2026-08-13 08:32:35,909 INFO   Model phi-4-mini-instruct                 | attention impl: sdpa
2026-08-13 08:32:35,909 WARNING   WARNING: phi-4-mini-instruct did not load with flash_attention_2 (got 'sdpa').
2026-08-13 08:32:35,909 INFO Model 'phi-4-mini-instruct' loaded successfully.
2026-08-13 08:32:36,090 INFO Creating nnsight LanguageModel wrapper for 'microsoft/Phi-4-mini-instruct' (cached).
2026-08-13 08:32:36,096 INFO phi-4-mini-instruct: 32 layers via nnsight
2026-08-13 08:32:36,871 WARNING layer sweep cache failed on bbq_00dd6566: 'Phi3DecoderLayer' object has no attribute 'output'
2026-08-13 08:32:36,874 WARNING layer sweep cache failed on bbq_00dd6566: 'Phi3DecoderLayer' object has no attribute 'output'
2026-08-13 08:32:36,877 WARNING layer sweep cache failed on bbq_013e73bf: 'Phi3DecoderLayer' object has no attribute 'output'
2026-08-13 08:32:36,879 WARNING layer sweep cache failed on bbq_013e73bf: 'Phi3DecoderLayer' object has no attribute 'output'
2026-08-13 08:32:36,882 WARNING layer sweep cache failed on bbq_013e73bf: 'Phi3DecoderLayer' object has no attribute 'output'
2026-08-13 08:32:36,885 WARNING layer sweep cache failed on bbq_0594acac: 'Phi3DecoderLayer' object has no attribute 'output'
2026-08-13 08:32:36,888 WARNING layer sweep cache failed on bbq_074508ce: 'Phi3DecoderLayer' object has no attribute 'output'
2026-08-13 08:32:36,890 WARNING layer sweep cache failed on bbq_074508ce: 'Phi3DecoderLayer' object has no attribute 'output'
2026-08-13 08:32:36,893 WARNING layer sweep cache failed on bbq_07e64293: 'Phi3DecoderLayer' object has no attribute 'output'
2026-08-13 08:32:36,896 WARNING layer sweep cache failed on bbq_07e64293: 'Phi3DecoderLayer' object has no attribute 'output'
2026-08-13 08:32:36,900 WARNING layer sweep cache failed on bbq_08ae073d: 'Phi3DecoderLayer' object has no attribute 'output'
2026-08-13 08:32:36,903 WARNING layer sweep cache failed on bbq_08ae073d: 'Phi3DecoderLayer' object has no attribute 'output'
2026-08-13 08:32:36,906 WARNING layer sweep cache failed on bbq_08ae073d: 'Phi3DecoderLayer' object has no attribute 'output'
2026-08-13 08:32:36,908 WARNING layer sweep cache failed on bbq_0b2b4c6e: 'Phi3DecoderLayer' object has no attribute 'output'
2026-08-13 08:32:36,911 WARNING layer sweep cache failed on bbq_0b2b4c6e: 'Phi3DecoderLayer' object has no attribute 'output'
2026-08-13 08:32:36,913 WARNING layer sweep cache failed on bbq_0e10545b: 'Phi3DecoderLayer' object has no attribute 'output'
2026-08-13 08:32:36,916 WARNING layer sweep cache failed on bbq_0e10545b: 'Phi3DecoderLayer' object has no attribute 'output'
2026-08-13 08:32:36,918 WARNING layer sweep cache failed on bbq_0e10545b: 'Phi3DecoderLayer' object has no attribute 'output'
2026-08-13 08:32:36,920 WARNING layer sweep cache failed on bbq_0e10545b: 'Phi3DecoderLayer' object has no attribute 'output'
2026-08-13 08:32:36,924 WARNING layer sweep cache failed on bbq_0e37ed71: 'Phi3DecoderLayer' object has no attribute 'output'
2026-08-13 08:32:36,928 WARNING layer sweep cache failed on bbq_0e37ed71: 'Phi3DecoderLayer' object has no attribute 'output'
2026-08-13 08:32:36,931 WARNING layer sweep cache failed on bbq_0fb03ad6: 'Phi3DecoderLayer' object has no attribute 'output'
2026-08-13 08:32:36,934 WARNING layer sweep cache failed on bbq_0fb03ad6: 'Phi3DecoderLayer' object has no attribute 'output'
2026-08-13 08:32:36,937 WARNING layer sweep cache failed on bbq_0fb03ad6: 'Phi3DecoderLayer' object has no attribute 'output'
2026-08-13 08:32:36,941 WARNING layer sweep cache failed on bbq_118dc715: 'Phi3DecoderLayer' object has no attribute 'output'
2026-08-13 08:32:36,943 WARNING layer sweep cache failed on bbq_118dc715: 'Phi3DecoderLayer' object has no attribute 'output'
2026-08-13 08:32:36,946 WARNING layer sweep cache failed on bbq_118dc715: 'Phi3DecoderLayer' object has no attribute 'output'
2026-08-13 08:32:36,949 WARNING layer sweep cache failed on bbq_165c42db: 'Phi3DecoderLayer' object has no attribute 'output'
2026-08-13 08:32:36,952 WARNING layer sweep cache failed on bbq_165c42db: 'Phi3DecoderLayer' object has no attribute 'output'
2026-08-13 08:32:36,955 WARNING layer sweep cache failed on bbq_16d28504: 'Phi3DecoderLayer' object has no attribute 'output'
2026-08-13 08:32:36,958 WARNING layer sweep cache failed on bbq_16d28504: 'Phi3DecoderLayer' object has no attribute 'output'
2026-08-13 08:32:36,961 WARNING layer sweep cache failed on bbq_16d6bf66: 'Phi3DecoderLayer' object has no attribute 'output'
2026-08-13 08:32:36,964 WARNING layer sweep cache failed on bbq_18f81589: 'Phi3DecoderLayer' object has no attribute 'output'
2026-08-13 08:32:36,967 WARNING layer sweep cache failed on bbq_18f81589: 'Phi3DecoderLayer' object has no attribute 'output'
2026-08-13 08:32:36,970 WARNING layer sweep cache failed on bbq_18f81589: 'Phi3DecoderLayer' object has no attribute 'output'
2026-08-13 08:32:36,972 WARNING layer sweep cache failed on bbq_1946ba6d: 'Phi3DecoderLayer' object has no attribute 'output'
2026-08-13 08:32:36,974 WARNING layer sweep cache failed on bbq_1946ba6d: 'Phi3DecoderLayer' object has no attribute 'output'
2026-08-13 08:32:36,978 WARNING layer sweep cache failed on bbq_1a3899fa: 'Phi3DecoderLayer' object has no attribute 'output'
2026-08-13 08:32:36,982 WARNING layer sweep cache failed on bbq_1a3899fa: 'Phi3DecoderLayer' object has no attribute 'output'
2026-08-13 08:32:36,986 WARNING layer sweep cache failed on bbq_1bc3d48d: 'Phi3DecoderLayer' object has no attribute 'output'
2026-08-13 08:32:36,989 WARNING layer sweep cache failed on bbq_1bc3d48d: 'Phi3DecoderLayer' object has no attribute 'output'
2026-08-13 08:32:36,993 WARNING layer sweep cache failed on bbq_1bc3d48d: 'Phi3DecoderLayer' object has no attribute 'output'
2026-08-13 08:32:36,996 WARNING layer sweep cache failed on bbq_1e78b8b0: 'Phi3DecoderLayer' object has no attribute 'output'
2026-08-13 08:32:37,000 WARNING layer sweep cache failed on bbq_1e78b8b0: 'Phi3DecoderLayer' object has no attribute 'output'
2026-08-13 08:32:37,003 WARNING layer sweep cache failed on bbq_1e78b8b0: 'Phi3DecoderLayer' object has no attribute 'output'
2026-08-13 08:32:37,006 WARNING layer sweep cache failed on bbq_20e21a2d: 'Phi3DecoderLayer' object has no attribute 'output'
2026-08-13 08:32:37,009 WARNING layer sweep cache failed on bbq_20e21a2d: 'Phi3DecoderLayer' object has no attribute 'output'
2026-08-13 08:32:37,012 WARNING layer sweep cache failed on bbq_20e21a2d: 'Phi3DecoderLayer' object has no attribute 'output'
2026-08-13 08:32:37,015 WARNING layer sweep cache failed on bbq_20e21a2d: 'Phi3DecoderLayer' object has no attribute 'output'
2026-08-13 08:32:37,017 WARNING layer sweep cache failed on bbq_25266114: 'Phi3DecoderLayer' object has no attribute 'output'
2026-08-13 08:32:37,019 WARNING layer sweep cache failed on bbq_25266114: 'Phi3DecoderLayer' object has no attribute 'output'
2026-08-13 08:32:37,022 WARNING layer sweep cache failed on bbq_25266114: 'Phi3DecoderLayer' object has no attribute 'output'
2026-08-13 08:32:37,024 WARNING layer sweep cache failed on bbq_25266114: 'Phi3DecoderLayer' object has no attribute 'output'
2026-08-13 08:32:37,028 WARNING layer sweep cache failed on bbq_25934b81: 'Phi3DecoderLayer' object has no attribute 'output'
2026-08-13 08:32:37,031 WARNING layer sweep cache failed on bbq_2672bc50: 'Phi3DecoderLayer' object has no attribute 'output'
2026-08-13 08:32:37,043 WARNING layer sweep cache failed on bbq_2672bc50: 'Phi3DecoderLayer' object has no attribute 'output'
2026-08-13 08:32:37,049 WARNING layer sweep cache failed on bbq_2672bc50: 'Phi3DecoderLayer' object has no attribute 'output'
2026-08-13 08:32:37,052 WARNING layer sweep cache failed on bbq_2672bc50: 'Phi3DecoderLayer' object has no attribute 'output'
2026-08-13 08:32:37,056 WARNING layer sweep cache failed on bbq_26a71438: 'Phi3DecoderLayer' object has no attribute 'output'
2026-08-13 08:32:37,059 WARNING layer sweep cache failed on bbq_26a71438: 'Phi3DecoderLayer' object has no attribute 'output'
2026-08-13 08:32:37,063 WARNING layer sweep cache failed on bbq_26fdea2c: 'Phi3DecoderLayer' object has no attribute 'output'
2026-08-13 08:32:37,065 WARNING layer sweep cache failed on bbq_281ba38c: 'Phi3DecoderLayer' object has no attribute 'output'
2026-08-13 08:32:37,067 WARNING layer sweep cache failed on bbq_281ba38c: 'Phi3DecoderLayer' object has no attribute 'output'
2026-08-13 08:32:37,071 WARNING layer sweep cache failed on bbq_28416d64: 'Phi3DecoderLayer' object has no attribute 'output'
2026-08-13 08:32:37,075 WARNING layer sweep cache failed on bbq_28416d64: 'Phi3DecoderLayer' object has no attribute 'output'
2026-08-13 08:32:37,078 WARNING layer sweep cache failed on bbq_28416d64: 'Phi3DecoderLayer' object has no attribute 'output'
2026-08-13 08:32:37,081 WARNING layer sweep cache failed on bbq_2926d289: 'Phi3DecoderLayer' object has no attribute 'output'
2026-08-13 08:32:37,085 WARNING layer sweep cache failed on bbq_297a1dae: 'Phi3DecoderLayer' object has no attribute 'output'
2026-08-13 08:32:37,088 WARNING layer sweep cache failed on bbq_297eae36: 'Phi3DecoderLayer' object has no attribute 'output'
2026-08-13 08:32:37,090 WARNING layer sweep cache failed on bbq_297eae36: 'Phi3DecoderLayer' object has no attribute 'output'
2026-08-13 08:32:37,092 WARNING layer sweep cache failed on bbq_297eae36: 'Phi3DecoderLayer' object has no attribute 'output'
2026-08-13 08:32:37,095 WARNING layer sweep cache failed on bbq_297eae36: 'Phi3DecoderLayer' object has no attribute 'output'
2026-08-13 08:32:37,097 WARNING layer sweep cache failed on bbq_297eae36: 'Phi3DecoderLayer' object has no attribute 'output'
2026-08-13 08:32:37,100 WARNING layer sweep cache failed on bbq_2a505e69: 'Phi3DecoderLayer' object has no attribute 'output'
2026-08-13 08:32:37,103 WARNING layer sweep cache failed on bbq_2a972ee7: 'Phi3DecoderLayer' object has no attribute 'output'
2026-08-13 08:32:37,105 WARNING layer sweep cache failed on bbq_2a972ee7: 'Phi3DecoderLayer' object has no attribute 'output'
2026-08-13 08:32:37,108 WARNING layer sweep cache failed on bbq_2b77ab73: 'Phi3DecoderLayer' object has no attribute 'output'
2026-08-13 08:32:37,112 WARNING layer sweep cache failed on bbq_2b77ab73: 'Phi3DecoderLayer' object has no attribute 'output'
2026-08-13 08:32:37,115 WARNING layer sweep cache failed on bbq_2c5da17d: 'Phi3DecoderLayer' object has no attribute 'output'
2026-08-13 08:32:37,118 WARNING layer sweep cache failed on bbq_2c5da17d: 'Phi3DecoderLayer' object has no attribute 'output'
2026-08-13 08:32:37,122 WARNING layer sweep cache failed on bbq_2cd0f9c5: 'Phi3DecoderLayer' object has no attribute 'output'
2026-08-13 08:32:37,125 WARNING layer sweep cache failed on bbq_2d729f22: 'Phi3DecoderLayer' object has no attribute 'output'
2026-08-13 08:32:37,128 WARNING layer sweep cache failed on bbq_2d729f22: 'Phi3DecoderLayer' object has no attribute 'output'
2026-08-13 08:32:37,131 WARNING layer sweep cache failed on bbq_2d729f22: 'Phi3DecoderLayer' object has no attribute 'output'
2026-08-13 08:32:37,135 WARNING layer sweep cache failed on bbq_2de440ae: 'Phi3DecoderLayer' object has no attribute 'output'
2026-08-13 08:32:37,138 WARNING layer sweep cache failed on bbq_2de440ae: 'Phi3DecoderLayer' object has no attribute 'output'
2026-08-13 08:32:37,142 WARNING layer sweep cache failed on bbq_2de440ae: 'Phi3DecoderLayer' object has no attribute 'output'
2026-08-13 08:32:37,145 WARNING layer sweep cache failed on bbq_2de440ae: 'Phi3DecoderLayer' object has no attribute 'output'
2026-08-13 08:32:37,149 WARNING layer sweep cache failed on bbq_2de440ae: 'Phi3DecoderLayer' object has no attribute 'output'
2026-08-13 08:32:37,153 WARNING layer sweep cache failed on bbq_30e0d554: 'Phi3DecoderLayer' object has no attribute 'output'
2026-08-13 08:32:37,156 WARNING layer sweep cache failed on bbq_30e0d554: 'Phi3DecoderLayer' object has no attribute 'output'
2026-08-13 08:32:37,159 WARNING layer sweep cache failed on bbq_30e0d554: 'Phi3DecoderLayer' object has no attribute 'output'
2026-08-13 08:32:37,162 WARNING layer sweep cache failed on bbq_30e0d554: 'Phi3DecoderLayer' object has no attribute 'output'
2026-08-13 08:32:37,165 WARNING layer sweep cache failed on bbq_3206b8de: 'Phi3DecoderLayer' object has no attribute 'output'
2026-08-13 08:32:37,169 WARNING layer sweep cache failed on bbq_3239072c: 'Phi3DecoderLayer' object has no attribute 'output'
2026-08-13 08:32:37,173 WARNING layer sweep cache failed on bbq_3239072c: 'Phi3DecoderLayer' object has no attribute 'output'
2026-08-13 08:32:37,177 WARNING layer sweep cache failed on bbq_3239072c: 'Phi3DecoderLayer' object has no attribute 'output'
2026-08-13 08:32:37,180 WARNING layer sweep cache failed on bbq_323c41db: 'Phi3DecoderLayer' object has no attribute 'output'
2026-08-13 08:32:37,183 WARNING layer sweep cache failed on bbq_3259c392: 'Phi3DecoderLayer' object has no attribute 'output'
2026-08-13 08:32:37,187 WARNING layer sweep cache failed on bbq_3259c392: 'Phi3DecoderLayer' object has no attribute 'output'
2026-08-13 08:32:37,190 WARNING layer sweep cache failed on bbq_32b0f202: 'Phi3DecoderLayer' object has no attribute 'output'
2026-08-13 08:32:37,193 WARNING layer sweep cache failed on bbq_32b0f202: 'Phi3DecoderLayer' object has no attribute 'output'
2026-08-13 08:32:37,195 WARNING layer sweep cache failed on bbq_32b0f202: 'Phi3DecoderLayer' object has no attribute 'output'
2026-08-13 08:32:37,199 WARNING layer sweep cache failed on bbq_33ebf720: 'Phi3DecoderLayer' object has no attribute 'output'
2026-08-13 08:32:37,201 WARNING layer sweep cache failed on bbq_3472f7ae: 'Phi3DecoderLayer' object has no attribute 'output'
2026-08-13 08:32:37,204 WARNING layer sweep cache failed on bbq_3472f7ae: 'Phi3DecoderLayer' object has no attribute 'output'
2026-08-13 08:32:37,207 WARNING layer sweep cache failed on bbq_3472f7ae: 'Phi3DecoderLayer' object has no attribute 'output'
2026-08-13 08:32:37,209 WARNING layer sweep cache failed on bbq_347baf4c: 'Phi3DecoderLayer' object has no attribute 'output'
2026-08-13 08:32:37,212 WARNING layer sweep cache failed on bbq_347baf4c: 'Phi3DecoderLayer' object has no attribute 'output'
2026-08-13 08:32:37,214 WARNING layer sweep cache failed on bbq_347baf4c: 'Phi3DecoderLayer' object has no attribute 'output'
2026-08-13 08:32:37,217 WARNING layer sweep cache failed on bbq_364293a8: 'Phi3DecoderLayer' object has no attribute 'output'
2026-08-13 08:32:37,220 WARNING layer sweep cache failed on bbq_366c97d9: 'Phi3DecoderLayer' object has no attribute 'output'
2026-08-13 08:32:37,224 WARNING layer sweep cache failed on bbq_3938e3f1: 'Phi3DecoderLayer' object has no attribute 'output'
2026-08-13 08:32:37,227 WARNING layer sweep cache failed on bbq_3938e3f1: 'Phi3DecoderLayer' object has no attribute 'output'
2026-08-13 08:32:37,230 WARNING layer sweep cache failed on bbq_3938e3f1: 'Phi3DecoderLayer' object has no attribute 'output'
2026-08-13 08:32:37,232 WARNING layer sweep cache failed on bbq_3b724457: 'Phi3DecoderLayer' object has no attribute 'output'
2026-08-13 08:32:37,235 WARNING layer sweep cache failed on bbq_3b724457: 'Phi3DecoderLayer' object has no attribute 'output'
2026-08-13 08:32:37,238 WARNING layer sweep cache failed on bbq_3b79c94b: 'Phi3DecoderLayer' object has no attribute 'output'
2026-08-13 08:32:37,241 WARNING layer sweep cache failed on bbq_3b8753db: 'Phi3DecoderLayer' object has no attribute 'output'
2026-08-13 08:32:37,245 WARNING layer sweep cache failed on bbq_3b8753db: 'Phi3DecoderLayer' object has no attribute 'output'
2026-08-13 08:32:37,248 WARNING layer sweep cache failed on bbq_3b8753db: 'Phi3DecoderLayer' object has no attribute 'output'
2026-08-13 08:32:37,250 WARNING layer sweep cache failed on bbq_3c495bcc: 'Phi3DecoderLayer' object has no attribute 'output'
2026-08-13 08:32:37,253 WARNING layer sweep cache failed on bbq_3c495bcc: 'Phi3DecoderLayer' object has no attribute 'output'
2026-08-13 08:32:37,255 WARNING layer sweep cache failed on bbq_3c495bcc: 'Phi3DecoderLayer' object has no attribute 'output'
2026-08-13 08:32:37,258 WARNING layer sweep cache failed on bbq_3c9b2e5f: 'Phi3DecoderLayer' object has no attribute 'output'
2026-08-13 08:32:37,260 WARNING layer sweep cache failed on bbq_3c9b2e5f: 'Phi3DecoderLayer' object has no attribute 'output'
2026-08-13 08:32:37,262 WARNING layer sweep cache failed on bbq_3c9b2e5f: 'Phi3DecoderLayer' object has no attribute 'output'
2026-08-13 08:32:37,266 WARNING layer sweep cache failed on bbq_3f9a4583: 'Phi3DecoderLayer' object has no attribute 'output'
2026-08-13 08:32:37,269 WARNING layer sweep cache failed on bbq_3f9a4583: 'Phi3DecoderLayer' object has no attribute 'output'
2026-08-13 08:32:37,273 WARNING layer sweep cache failed on bbq_3f9a4583: 'Phi3DecoderLayer' object has no attribute 'output'
2026-08-13 08:32:37,276 WARNING layer sweep cache failed on bbq_40166a07: 'Phi3DecoderLayer' object has no attribute 'output'
2026-08-13 08:32:37,279 WARNING layer sweep cache failed on bbq_40166a07: 'Phi3DecoderLayer' object has no attribute 'output'
2026-08-13 08:32:37,281 WARNING layer sweep cache failed on bbq_43d6c080: 'Phi3DecoderLayer' object has no attribute 'output'
2026-08-13 08:32:37,284 WARNING layer sweep cache failed on bbq_43d6c080: 'Phi3DecoderLayer' object has no attribute 'output'
2026-08-13 08:32:37,286 WARNING layer sweep cache failed on bbq_43d6c080: 'Phi3DecoderLayer' object has no attribute 'output'
2026-08-13 08:32:37,289 WARNING layer sweep cache failed on bbq_43d6c080: 'Phi3DecoderLayer' object has no attribute 'output'
2026-08-13 08:32:37,292 WARNING layer sweep cache failed on bbq_440c2b80: 'Phi3DecoderLayer' object has no attribute 'output'
2026-08-13 08:32:37,295 WARNING layer sweep cache failed on bbq_44ba2b3b: 'Phi3DecoderLayer' object has no attribute 'output'
2026-08-13 08:32:37,298 WARNING layer sweep cache failed on bbq_44f4373d: 'Phi3DecoderLayer' object has no attribute 'output'
2026-08-13 08:32:37,300 WARNING layer sweep cache failed on bbq_45d0f5c0: 'Phi3DecoderLayer' object has no attribute 'output'
2026-08-13 08:32:37,303 WARNING layer sweep cache failed on bbq_45d0f5c0: 'Phi3DecoderLayer' object has no attribute 'output'
2026-08-13 08:32:37,305 WARNING layer sweep cache failed on bbq_45d0f5c0: 'Phi3DecoderLayer' object has no attribute 'output'
2026-08-13 08:32:37,308 WARNING layer sweep cache failed on bbq_45d0f5c0: 'Phi3DecoderLayer' object has no attribute 'output'
2026-08-13 08:32:37,311 WARNING layer sweep cache failed on bbq_468a997e: 'Phi3DecoderLayer' object has no attribute 'output'
2026-08-13 08:32:37,315 WARNING layer sweep cache failed on bbq_468a997e: 'Phi3DecoderLayer' object has no attribute 'output'
2026-08-13 08:32:37,318 WARNING layer sweep cache failed on bbq_468a997e: 'Phi3DecoderLayer' object has no attribute 'output'
2026-08-13 08:32:37,322 WARNING layer sweep cache failed on bbq_46904ba1: 'Phi3DecoderLayer' object has no attribute 'output'
2026-08-13 08:32:37,326 WARNING layer sweep cache failed on bbq_46904ba1: 'Phi3DecoderLayer' object has no attribute 'output'
2026-08-13 08:32:37,329 WARNING layer sweep cache failed on bbq_46e28cb8: 'Phi3DecoderLayer' object has no attribute 'output'
2026-08-13 08:32:37,331 WARNING layer sweep cache failed on bbq_46e28cb8: 'Phi3DecoderLayer' object has no attribute 'output'
2026-08-13 08:32:37,334 WARNING layer sweep cache failed on bbq_46e28cb8: 'Phi3DecoderLayer' object has no attribute 'output'
2026-08-13 08:32:37,336 WARNING layer sweep cache failed on bbq_482c7b86: 'Phi3DecoderLayer' object has no attribute 'output'
2026-08-13 08:32:37,339 WARNING layer sweep cache failed on bbq_49a3403f: 'Phi3DecoderLayer' object has no attribute 'output'
2026-08-13 08:32:37,342 WARNING layer sweep cache failed on bbq_49a3403f: 'Phi3DecoderLayer' object has no attribute 'output'
2026-08-13 08:32:37,345 WARNING layer sweep cache failed on bbq_49a3403f: 'Phi3DecoderLayer' object has no attribute 'output'
2026-08-13 08:32:37,348 WARNING layer sweep cache failed on bbq_49a3403f: 'Phi3DecoderLayer' object has no attribute 'output'
2026-08-13 08:32:37,351 WARNING layer sweep cache failed on bbq_49c614de: 'Phi3DecoderLayer' object has no attribute 'output'
2026-08-13 08:32:37,354 WARNING layer sweep cache failed on bbq_4a6c601b: 'Phi3DecoderLayer' object has no attribute 'output'
2026-08-13 08:32:37,357 WARNING layer sweep cache failed on bbq_4a6c601b: 'Phi3DecoderLayer' object has no attribute 'output'
2026-08-13 08:32:37,359 WARNING layer sweep cache failed on bbq_4a6c601b: 'Phi3DecoderLayer' object has no attribute 'output'
2026-08-13 08:32:37,362 WARNING layer sweep cache failed on bbq_4b233e5a: 'Phi3DecoderLayer' object has no attribute 'output'
2026-08-13 08:32:37,365 WARNING layer sweep cache failed on bbq_4b233e5a: 'Phi3DecoderLayer' object has no attribute 'output'
2026-08-13 08:32:37,368 WARNING layer sweep cache failed on bbq_4ca44312: 'Phi3DecoderLayer' object has no attribute 'output'
2026-08-13 08:32:37,371 WARNING layer sweep cache failed on bbq_4da62669: 'Phi3DecoderLayer' object has no attribute 'output'
2026-08-13 08:32:37,373 WARNING layer sweep cache failed on bbq_4da62669: 'Phi3DecoderLayer' object has no attribute 'output'
2026-08-13 08:32:37,376 WARNING layer sweep cache failed on bbq_4da62669: 'Phi3DecoderLayer' object has no attribute 'output'
2026-08-13 08:32:37,379 WARNING layer sweep cache failed on bbq_4da62669: 'Phi3DecoderLayer' object has no attribute 'output'
2026-08-13 08:32:37,382 WARNING layer sweep cache failed on bbq_4f023019: 'Phi3DecoderLayer' object has no attribute 'output'
2026-08-13 08:32:37,385 WARNING layer sweep cache failed on bbq_4f0ea203: 'Phi3DecoderLayer' object has no attribute 'output'
2026-08-13 08:32:37,387 WARNING layer sweep cache failed on bbq_50561926: 'Phi3DecoderLayer' object has no attribute 'output'
2026-08-13 08:32:37,390 WARNING layer sweep cache failed on bbq_510f85f0: 'Phi3DecoderLayer' object has no attribute 'output'
2026-08-13 08:32:37,392 WARNING layer sweep cache failed on bbq_510f85f0: 'Phi3DecoderLayer' object has no attribute 'output'
2026-08-13 08:32:37,394 WARNING layer sweep cache failed on bbq_510f85f0: 'Phi3DecoderLayer' object has no attribute 'output'
2026-08-13 08:32:37,397 WARNING layer sweep cache failed on bbq_5171f9e5: 'Phi3DecoderLayer' object has no attribute 'output'
2026-08-13 08:32:37,400 WARNING layer sweep cache failed on bbq_5171f9e5: 'Phi3DecoderLayer' object has no attribute 'output'
2026-08-13 08:32:37,402 WARNING layer sweep cache failed on bbq_5171f9e5: 'Phi3DecoderLayer' object has no attribute 'output'
2026-08-13 08:32:37,406 WARNING layer sweep cache failed on bbq_52f21d07: 'Phi3DecoderLayer' object has no attribute 'output'
2026-08-13 08:32:37,409 WARNING layer sweep cache failed on bbq_52f21d07: 'Phi3DecoderLayer' object has no attribute 'output'
2026-08-13 08:32:37,412 WARNING layer sweep cache failed on bbq_52f21d07: 'Phi3DecoderLayer' object has no attribute 'output'
2026-08-13 08:32:37,416 WARNING layer sweep cache failed on bbq_52f21d07: 'Phi3DecoderLayer' object has no attribute 'output'
2026-08-13 08:32:37,419 WARNING layer sweep cache failed on bbq_54652806: 'Phi3DecoderLayer' object has no attribute 'output'
2026-08-13 08:32:37,422 WARNING layer sweep cache failed on bbq_54652806: 'Phi3DecoderLayer' object has no attribute 'output'
2026-08-13 08:32:37,425 WARNING layer sweep cache failed on bbq_5502ca27: 'Phi3DecoderLayer' object has no attribute 'output'
2026-08-13 08:32:37,428 WARNING layer sweep cache failed on bbq_5502ca27: 'Phi3DecoderLayer' object has no attribute 'output'
2026-08-13 08:32:37,431 WARNING layer sweep cache failed on bbq_5502ca27: 'Phi3DecoderLayer' object has no attribute 'output'
2026-08-13 08:32:37,434 WARNING layer sweep cache failed on bbq_5502ca27: 'Phi3DecoderLayer' object has no attribute 'output'
2026-08-13 08:32:37,437 WARNING layer sweep cache failed on bbq_588ef8b2: 'Phi3DecoderLayer' object has no attribute 'output'
2026-08-13 08:32:37,441 WARNING layer sweep cache failed on bbq_588ef8b2: 'Phi3DecoderLayer' object has no attribute 'output'
2026-08-13 08:32:37,444 WARNING layer sweep cache failed on bbq_588ef8b2: 'Phi3DecoderLayer' object has no attribute 'output'
2026-08-13 08:32:37,447 WARNING layer sweep cache failed on bbq_59b9c262: 'Phi3DecoderLayer' object has no attribute 'output'
2026-08-13 08:32:37,450 WARNING layer sweep cache failed on bbq_59b9c262: 'Phi3DecoderLayer' object has no attribute 'output'
2026-08-13 08:32:37,453 WARNING layer sweep cache failed on bbq_59b9c262: 'Phi3DecoderLayer' object has no attribute 'output'
2026-08-13 08:32:37,456 WARNING layer sweep cache failed on bbq_5c9a8328: 'Phi3DecoderLayer' object has no attribute 'output'
2026-08-13 08:32:37,458 WARNING layer sweep cache failed on bbq_5ce750fa: 'Phi3DecoderLayer' object has no attribute 'output'
2026-08-13 08:32:37,461 WARNING layer sweep cache failed on bbq_5d867cd5: 'Phi3DecoderLayer' object has no attribute 'output'
2026-08-13 08:32:37,464 WARNING layer sweep cache failed on bbq_5d867cd5: 'Phi3DecoderLayer' object has no attribute 'output'
2026-08-13 08:32:37,467 WARNING layer sweep cache failed on bbq_5d867cd5: 'Phi3DecoderLayer' object has no attribute 'output'
2026-08-13 08:32:37,471 WARNING layer sweep cache failed on bbq_5d867cd5: 'Phi3DecoderLayer' object has no attribute 'output'
2026-08-13 08:32:37,474 WARNING layer sweep cache failed on bbq_5d867cd5: 'Phi3DecoderLayer' object has no attribute 'output'
2026-08-13 08:32:37,477 WARNING layer sweep cache failed on bbq_5d867cd5: 'Phi3DecoderLayer' object has no attribute 'output'
2026-08-13 08:32:37,480 WARNING layer sweep cache failed on bbq_5e181dc0: 'Phi3DecoderLayer' object has no attribute 'output'
2026-08-13 08:32:37,484 WARNING layer sweep cache failed on bbq_5eb54c0c: 'Phi3DecoderLayer' object has no attribute 'output'
2026-08-13 08:32:37,487 WARNING layer sweep cache failed on bbq_5eb54c0c: 'Phi3DecoderLayer' object has no attribute 'output'
2026-08-13 08:32:37,490 WARNING layer sweep cache failed on bbq_5eb54c0c: 'Phi3DecoderLayer' object has no attribute 'output'
2026-08-13 08:32:37,493 WARNING layer sweep cache failed on bbq_5eb54c0c: 'Phi3DecoderLayer' object has no attribute 'output'
2026-08-13 08:32:37,496 WARNING layer sweep cache failed on bbq_5eb54c0c: 'Phi3DecoderLayer' object has no attribute 'output'
2026-08-13 08:32:37,500 WARNING layer sweep cache failed on bbq_5f548c22: 'Phi3DecoderLayer' object has no attribute 'output'
2026-08-13 08:32:37,503 WARNING layer sweep cache failed on bbq_5f548c22: 'Phi3DecoderLayer' object has no attribute 'output'
2026-08-13 08:32:37,505 WARNING layer sweep cache failed on bbq_60b5b3a4: 'Phi3DecoderLayer' object has no attribute 'output'
2026-08-13 08:32:37,508 WARNING layer sweep cache failed on bbq_60b5b3a4: 'Phi3DecoderLayer' object has no attribute 'output'
2026-08-13 08:32:37,511 WARNING layer sweep cache failed on bbq_60b5b3a4: 'Phi3DecoderLayer' object has no attribute 'output'
2026-08-13 08:32:37,513 WARNING layer sweep cache failed on bbq_627467df: 'Phi3DecoderLayer' object has no attribute 'output'
2026-08-13 08:32:37,515 WARNING layer sweep cache failed on bbq_627467df: 'Phi3DecoderLayer' object has no attribute 'output'
2026-08-13 08:32:37,517 WARNING layer sweep cache failed on bbq_627467df: 'Phi3DecoderLayer' object has no attribute 'output'
2026-08-13 08:32:37,520 WARNING layer sweep cache failed on bbq_627467df: 'Phi3DecoderLayer' object has no attribute 'output'
2026-08-13 08:32:37,522 WARNING layer sweep cache failed on bbq_63428172: 'Phi3DecoderLayer' object has no attribute 'output'
2026-08-13 08:32:37,525 WARNING layer sweep cache failed on bbq_64420416: 'Phi3DecoderLayer' object has no attribute 'output'
2026-08-13 08:32:37,527 WARNING layer sweep cache failed on bbq_64420416: 'Phi3DecoderLayer' object has no attribute 'output'
2026-08-13 08:32:37,529 WARNING layer sweep cache failed on bbq_65dc06c1: 'Phi3DecoderLayer' object has no attribute 'output'
2026-08-13 08:32:37,532 WARNING layer sweep cache failed on bbq_65dc06c1: 'Phi3DecoderLayer' object has no attribute 'output'
2026-08-13 08:32:37,534 WARNING layer sweep cache failed on bbq_6af72176: 'Phi3DecoderLayer' object has no attribute 'output'
2026-08-13 08:32:37,537 WARNING layer sweep cache failed on bbq_6c35c88e: 'Phi3DecoderLayer' object has no attribute 'output'
2026-08-13 08:32:37,539 WARNING layer sweep cache failed on bbq_6c35c88e: 'Phi3DecoderLayer' object has no attribute 'output'
2026-08-13 08:32:37,543 WARNING layer sweep cache failed on bbq_6e462afa: 'Phi3DecoderLayer' object has no attribute 'output'
2026-08-13 08:32:37,546 WARNING layer sweep cache failed on bbq_6e462afa: 'Phi3DecoderLayer' object has no attribute 'output'
2026-08-13 08:32:37,549 WARNING layer sweep cache failed on bbq_6e462afa: 'Phi3DecoderLayer' object has no attribute 'output'
2026-08-13 08:32:37,553 WARNING layer sweep cache failed on bbq_6e462afa: 'Phi3DecoderLayer' object has no attribute 'output'
2026-08-13 08:32:37,555 WARNING layer sweep cache failed on bbq_6e4aeab0: 'Phi3DecoderLayer' object has no attribute 'output'
2026-08-13 08:32:37,558 WARNING layer sweep cache failed on bbq_6e4aeab0: 'Phi3DecoderLayer' object has no attribute 'output'
2026-08-13 08:32:37,561 WARNING layer sweep cache failed on bbq_6f81699c: 'Phi3DecoderLayer' object has no attribute 'output'
2026-08-13 08:32:37,565 WARNING layer sweep cache failed on bbq_6f81699c: 'Phi3DecoderLayer' object has no attribute 'output'
2026-08-13 08:32:37,568 WARNING layer sweep cache failed on bbq_6f81699c: 'Phi3DecoderLayer' object has no attribute 'output'
2026-08-13 08:32:37,571 WARNING layer sweep cache failed on bbq_6f81699c: 'Phi3DecoderLayer' object has no attribute 'output'
2026-08-13 08:32:37,574 WARNING layer sweep cache failed on bbq_70c2d2cc: 'Phi3DecoderLayer' object has no attribute 'output'
2026-08-13 08:32:37,576 WARNING layer sweep cache failed on bbq_7243a5e3: 'Phi3DecoderLayer' object has no attribute 'output'
2026-08-13 08:32:37,579 WARNING layer sweep cache failed on bbq_7243a5e3: 'Phi3DecoderLayer' object has no attribute 'output'
2026-08-13 08:32:37,581 WARNING layer sweep cache failed on bbq_7243a5e3: 'Phi3DecoderLayer' object has no attribute 'output'
2026-08-13 08:32:37,583 WARNING layer sweep cache failed on bbq_72563be2: 'Phi3DecoderLayer' object has no attribute 'output'
2026-08-13 08:32:37,586 WARNING layer sweep cache failed on bbq_72563be2: 'Phi3DecoderLayer' object has no attribute 'output'
2026-08-13 08:32:37,589 WARNING layer sweep cache failed on bbq_7329a5b4: 'Phi3DecoderLayer' object has no attribute 'output'
2026-08-13 08:32:37,592 WARNING layer sweep cache failed on bbq_74b75a0a: 'Phi3DecoderLayer' object has no attribute 'output'
2026-08-13 08:32:37,594 WARNING layer sweep cache failed on bbq_74b75a0a: 'Phi3DecoderLayer' object has no attribute 'output'
2026-08-13 08:32:37,597 WARNING layer sweep cache failed on bbq_74b75a0a: 'Phi3DecoderLayer' object has no attribute 'output'
2026-08-13 08:32:37,599 WARNING layer sweep cache failed on bbq_74b75a0a: 'Phi3DecoderLayer' object has no attribute 'output'
2026-08-13 08:32:37,602 WARNING layer sweep cache failed on bbq_74b75a0a: 'Phi3DecoderLayer' object has no attribute 'output'
2026-08-13 08:32:37,604 WARNING layer sweep cache failed on bbq_74ca54c2: 'Phi3DecoderLayer' object has no attribute 'output'
2026-08-13 08:32:37,606 WARNING layer sweep cache failed on bbq_74ca54c2: 'Phi3DecoderLayer' object has no attribute 'output'
2026-08-13 08:32:37,609 WARNING layer sweep cache failed on bbq_75283f61: 'Phi3DecoderLayer' object has no attribute 'output'
2026-08-13 08:32:37,611 WARNING layer sweep cache failed on bbq_75283f61: 'Phi3DecoderLayer' object has no attribute 'output'
2026-08-13 08:32:37,614 WARNING layer sweep cache failed on bbq_7583e951: 'Phi3DecoderLayer' object has no attribute 'output'
2026-08-13 08:32:37,617 WARNING layer sweep cache failed on bbq_7583e951: 'Phi3DecoderLayer' object has no attribute 'output'
2026-08-13 08:32:37,620 WARNING layer sweep cache failed on bbq_7583e951: 'Phi3DecoderLayer' object has no attribute 'output'
2026-08-13 08:32:37,623 WARNING layer sweep cache failed on bbq_7583e951: 'Phi3DecoderLayer' object has no attribute 'output'
2026-08-13 08:32:37,626 WARNING layer sweep cache failed on bbq_7583e951: 'Phi3DecoderLayer' object has no attribute 'output'
2026-08-13 08:32:37,629 WARNING layer sweep cache failed on bbq_75c79caf: 'Phi3DecoderLayer' object has no attribute 'output'
2026-08-13 08:32:37,632 WARNING layer sweep cache failed on bbq_75c79caf: 'Phi3DecoderLayer' object has no attribute 'output'
2026-08-13 08:32:37,635 WARNING layer sweep cache failed on bbq_75c79caf: 'Phi3DecoderLayer' object has no attribute 'output'
2026-08-13 08:32:37,637 WARNING layer sweep cache failed on bbq_75c79caf: 'Phi3DecoderLayer' object has no attribute 'output'
2026-08-13 08:32:37,640 WARNING layer sweep cache failed on bbq_75ebb4a5: 'Phi3DecoderLayer' object has no attribute 'output'
2026-08-13 08:32:37,643 WARNING layer sweep cache failed on bbq_75ebb4a5: 'Phi3DecoderLayer' object has no attribute 'output'
2026-08-13 08:32:37,646 WARNING layer sweep cache failed on bbq_7644da81: 'Phi3DecoderLayer' object has no attribute 'output'
2026-08-13 08:32:37,648 WARNING layer sweep cache failed on bbq_77855696: 'Phi3DecoderLayer' object has no attribute 'output'
2026-08-13 08:32:37,651 WARNING layer sweep cache failed on bbq_77855696: 'Phi3DecoderLayer' object has no attribute 'output'
2026-08-13 08:32:37,654 WARNING layer sweep cache failed on bbq_7a4ddfa2: 'Phi3DecoderLayer' object has no attribute 'output'
2026-08-13 08:32:37,656 WARNING layer sweep cache failed on bbq_7a4ddfa2: 'Phi3DecoderLayer' object has no attribute 'output'
2026-08-13 08:32:37,659 WARNING layer sweep cache failed on bbq_7a4ddfa2: 'Phi3DecoderLayer' object has no attribute 'output'
2026-08-13 08:32:37,662 WARNING layer sweep cache failed on bbq_7a4ddfa2: 'Phi3DecoderLayer' object has no attribute 'output'
2026-08-13 08:32:37,664 WARNING layer sweep cache failed on bbq_7ac7961f: 'Phi3DecoderLayer' object has no attribute 'output'
2026-08-13 08:32:37,666 WARNING layer sweep cache failed on bbq_7ac7961f: 'Phi3DecoderLayer' object has no attribute 'output'
2026-08-13 08:32:37,669 WARNING layer sweep cache failed on bbq_7ac7961f: 'Phi3DecoderLayer' object has no attribute 'output'
2026-08-13 08:32:37,672 WARNING layer sweep cache failed on bbq_7dd63ca2: 'Phi3DecoderLayer' object has no attribute 'output'
2026-08-13 08:32:37,674 WARNING layer sweep cache failed on bbq_7effc177: 'Phi3DecoderLayer' object has no attribute 'output'
2026-08-13 08:32:37,677 WARNING layer sweep cache failed on bbq_7effc177: 'Phi3DecoderLayer' object has no attribute 'output'
2026-08-13 08:32:37,680 WARNING layer sweep cache failed on bbq_7effc177: 'Phi3DecoderLayer' object has no attribute 'output'
2026-08-13 08:32:37,682 WARNING layer sweep cache failed on bbq_805bd9be: 'Phi3DecoderLayer' object has no attribute 'output'
2026-08-13 08:32:37,685 WARNING layer sweep cache failed on bbq_805bd9be: 'Phi3DecoderLayer' object has no attribute 'output'
2026-08-13 08:32:37,688 WARNING layer sweep cache failed on bbq_8131e175: 'Phi3DecoderLayer' object has no attribute 'output'
2026-08-13 08:32:37,690 WARNING layer sweep cache failed on bbq_8131e175: 'Phi3DecoderLayer' object has no attribute 'output'
2026-08-13 08:32:37,694 WARNING layer sweep cache failed on bbq_81adbb45: 'Phi3DecoderLayer' object has no attribute 'output'
2026-08-13 08:32:37,697 WARNING layer sweep cache failed on bbq_81adbb45: 'Phi3DecoderLayer' object has no attribute 'output'
2026-08-13 08:32:37,700 WARNING layer sweep cache failed on bbq_81adbb45: 'Phi3DecoderLayer' object has no attribute 'output'
2026-08-13 08:32:37,703 WARNING layer sweep cache failed on bbq_81fe0d7d: 'Phi3DecoderLayer' object has no attribute 'output'
2026-08-13 08:32:37,706 WARNING layer sweep cache failed on bbq_81fe0d7d: 'Phi3DecoderLayer' object has no attribute 'output'
2026-08-13 08:32:37,709 WARNING layer sweep cache failed on bbq_81fe0d7d: 'Phi3DecoderLayer' object has no attribute 'output'
2026-08-13 08:32:37,712 WARNING layer sweep cache failed on bbq_81fe0d7d: 'Phi3DecoderLayer' object has no attribute 'output'
2026-08-13 08:32:37,715 WARNING layer sweep cache failed on bbq_83a4cacb: 'Phi3DecoderLayer' object has no attribute 'output'
2026-08-13 08:32:37,717 WARNING layer sweep cache failed on bbq_83a4cacb: 'Phi3DecoderLayer' object has no attribute 'output'
2026-08-13 08:32:37,720 WARNING layer sweep cache failed on bbq_85b8474c: 'Phi3DecoderLayer' object has no attribute 'output'
2026-08-13 08:32:37,722 WARNING layer sweep cache failed on bbq_85b8474c: 'Phi3DecoderLayer' object has no attribute 'output'
2026-08-13 08:32:37,724 WARNING layer sweep cache failed on bbq_85b8474c: 'Phi3DecoderLayer' object has no attribute 'output'
2026-08-13 08:32:37,727 WARNING layer sweep cache failed on bbq_869d8d85: 'Phi3DecoderLayer' object has no attribute 'output'
2026-08-13 08:32:37,730 WARNING layer sweep cache failed on bbq_869d8d85: 'Phi3DecoderLayer' object has no attribute 'output'
2026-08-13 08:32:37,734 WARNING layer sweep cache failed on bbq_86e23f62: 'Phi3DecoderLayer' object has no attribute 'output'
2026-08-13 08:32:37,736 WARNING layer sweep cache failed on bbq_89a9ab5a: 'Phi3DecoderLayer' object has no attribute 'output'
2026-08-13 08:32:37,739 WARNING layer sweep cache failed on bbq_89d6e31b: 'Phi3DecoderLayer' object has no attribute 'output'
2026-08-13 08:32:37,742 WARNING layer sweep cache failed on bbq_8a954ee0: 'Phi3DecoderLayer' object has no attribute 'output'
2026-08-13 08:32:37,745 WARNING layer sweep cache failed on bbq_8a954ee0: 'Phi3DecoderLayer' object has no attribute 'output'
2026-08-13 08:32:37,747 WARNING layer sweep cache failed on bbq_8ac29e84: 'Phi3DecoderLayer' object has no attribute 'output'
2026-08-13 08:32:37,750 WARNING layer sweep cache failed on bbq_8ac29e84: 'Phi3DecoderLayer' object has no attribute 'output'
2026-08-13 08:32:37,753 WARNING layer sweep cache failed on bbq_8af7d035: 'Phi3DecoderLayer' object has no attribute 'output'
2026-08-13 08:32:37,757 WARNING layer sweep cache failed on bbq_8af7d035: 'Phi3DecoderLayer' object has no attribute 'output'
2026-08-13 08:32:37,760 WARNING layer sweep cache failed on bbq_8af7d035: 'Phi3DecoderLayer' object has no attribute 'output'
2026-08-13 08:32:37,763 WARNING layer sweep cache failed on bbq_8af7d035: 'Phi3DecoderLayer' object has no attribute 'output'
2026-08-13 08:32:37,766 WARNING layer sweep cache failed on bbq_8bf9e07f: 'Phi3DecoderLayer' object has no attribute 'output'
2026-08-13 08:32:37,769 WARNING layer sweep cache failed on bbq_8bf9e07f: 'Phi3DecoderLayer' object has no attribute 'output'
2026-08-13 08:32:37,772 WARNING layer sweep cache failed on bbq_8bf9e07f: 'Phi3DecoderLayer' object has no attribute 'output'
2026-08-13 08:32:37,775 WARNING layer sweep cache failed on bbq_8f3194c2: 'Phi3DecoderLayer' object has no attribute 'output'
2026-08-13 08:32:37,777 WARNING layer sweep cache failed on bbq_8f3194c2: 'Phi3DecoderLayer' object has no attribute 'output'
2026-08-13 08:32:37,780 WARNING layer sweep cache failed on bbq_8f3194c2: 'Phi3DecoderLayer' object has no attribute 'output'
2026-08-13 08:32:37,782 WARNING layer sweep cache failed on bbq_90426b60: 'Phi3DecoderLayer' object has no attribute 'output'
2026-08-13 08:32:37,784 WARNING layer sweep cache failed on bbq_90426b60: 'Phi3DecoderLayer' object has no attribute 'output'
2026-08-13 08:32:37,788 WARNING layer sweep cache failed on bbq_9047dfee: 'Phi3DecoderLayer' object has no attribute 'output'
2026-08-13 08:32:37,791 WARNING layer sweep cache failed on bbq_922f5e19: 'Phi3DecoderLayer' object has no attribute 'output'
2026-08-13 08:32:37,793 WARNING layer sweep cache failed on bbq_9452d7df: 'Phi3DecoderLayer' object has no attribute 'output'
2026-08-13 08:32:37,796 WARNING layer sweep cache failed on bbq_94775afa: 'Phi3DecoderLayer' object has no attribute 'output'
2026-08-13 08:32:37,800 WARNING layer sweep cache failed on bbq_95c208bb: 'Phi3DecoderLayer' object has no attribute 'output'
2026-08-13 08:32:37,804 WARNING layer sweep cache failed on bbq_95c208bb: 'Phi3DecoderLayer' object has no attribute 'output'
2026-08-13 08:32:37,807 WARNING layer sweep cache failed on bbq_95c208bb: 'Phi3DecoderLayer' object has no attribute 'output'
2026-08-13 08:32:37,810 WARNING layer sweep cache failed on bbq_97b6260a: 'Phi3DecoderLayer' object has no attribute 'output'
2026-08-13 08:32:37,813 WARNING layer sweep cache failed on bbq_97b6260a: 'Phi3DecoderLayer' object has no attribute 'output'
2026-08-13 08:32:37,817 WARNING layer sweep cache failed on bbq_9c0fb8a4: 'Phi3DecoderLayer' object has no attribute 'output'
2026-08-13 08:32:37,819 WARNING layer sweep cache failed on bbq_9d412910: 'Phi3DecoderLayer' object has no attribute 'output'
2026-08-13 08:32:37,822 WARNING layer sweep cache failed on bbq_9d412910: 'Phi3DecoderLayer' object has no attribute 'output'
2026-08-13 08:32:37,824 WARNING layer sweep cache failed on bbq_9d412910: 'Phi3DecoderLayer' object has no attribute 'output'
2026-08-13 08:32:37,827 WARNING layer sweep cache failed on bbq_9d412910: 'Phi3DecoderLayer' object has no attribute 'output'
2026-08-13 08:32:37,830 WARNING layer sweep cache failed on bbq_9f660a15: 'Phi3DecoderLayer' object has no attribute 'output'
2026-08-13 08:32:37,834 WARNING layer sweep cache failed on bbq_a22682b2: 'Phi3DecoderLayer' object has no attribute 'output'
2026-08-13 08:32:37,837 WARNING layer sweep cache failed on bbq_a22682b2: 'Phi3DecoderLayer' object has no attribute 'output'
2026-08-13 08:32:37,841 WARNING layer sweep cache failed on bbq_a22682b2: 'Phi3DecoderLayer' object has no attribute 'output'
2026-08-13 08:32:37,844 WARNING layer sweep cache failed on bbq_a2ca4b53: 'Phi3DecoderLayer' object has no attribute 'output'
2026-08-13 08:32:37,847 WARNING layer sweep cache failed on bbq_a2ca4b53: 'Phi3DecoderLayer' object has no attribute 'output'
2026-08-13 08:32:37,850 WARNING layer sweep cache failed on bbq_a2ca4b53: 'Phi3DecoderLayer' object has no attribute 'output'
2026-08-13 08:32:37,853 WARNING layer sweep cache failed on bbq_a2ca4b53: 'Phi3DecoderLayer' object has no attribute 'output'
2026-08-13 08:32:37,856 WARNING layer sweep cache failed on bbq_a3371fc8: 'Phi3DecoderLayer' object has no attribute 'output'
2026-08-13 08:32:37,859 WARNING layer sweep cache failed on bbq_a3371fc8: 'Phi3DecoderLayer' object has no attribute 'output'
2026-08-13 08:32:37,862 WARNING layer sweep cache failed on bbq_a3371fc8: 'Phi3DecoderLayer' object has no attribute 'output'
2026-08-13 08:32:37,865 WARNING layer sweep cache failed on bbq_a3371fc8: 'Phi3DecoderLayer' object has no attribute 'output'
2026-08-13 08:32:37,868 WARNING layer sweep cache failed on bbq_a350ecea: 'Phi3DecoderLayer' object has no attribute 'output'
2026-08-13 08:32:37,871 WARNING layer sweep cache failed on bbq_a350ecea: 'Phi3DecoderLayer' object has no attribute 'output'
2026-08-13 08:32:37,874 WARNING layer sweep cache failed on bbq_a55a310c: 'Phi3DecoderLayer' object has no attribute 'output'
2026-08-13 08:32:37,877 WARNING layer sweep cache failed on bbq_a55a310c: 'Phi3DecoderLayer' object has no attribute 'output'
2026-08-13 08:32:37,879 WARNING layer sweep cache failed on bbq_a55a310c: 'Phi3DecoderLayer' object has no attribute 'output'
2026-08-13 08:32:37,882 WARNING layer sweep cache failed on bbq_a565baf2: 'Phi3DecoderLayer' object has no attribute 'output'
2026-08-13 08:32:37,884 WARNING layer sweep cache failed on bbq_a7c0bb1f: 'Phi3DecoderLayer' object has no attribute 'output'
2026-08-13 08:32:37,886 WARNING layer sweep cache failed on bbq_a7c0bb1f: 'Phi3DecoderLayer' object has no attribute 'output'
2026-08-13 08:32:37,889 WARNING layer sweep cache failed on bbq_a7c0bb1f: 'Phi3DecoderLayer' object has no attribute 'output'
2026-08-13 08:32:37,891 WARNING layer sweep cache failed on bbq_a8c83d06: 'Phi3DecoderLayer' object has no attribute 'output'
2026-08-13 08:32:37,894 WARNING layer sweep cache failed on bbq_a8c83d06: 'Phi3DecoderLayer' object has no attribute 'output'
2026-08-13 08:32:37,896 WARNING layer sweep cache failed on bbq_a8c83d06: 'Phi3DecoderLayer' object has no attribute 'output'
2026-08-13 08:32:37,899 WARNING layer sweep cache failed on bbq_a9badfe7: 'Phi3DecoderLayer' object has no attribute 'output'
2026-08-13 08:32:37,902 WARNING layer sweep cache failed on bbq_a9badfe7: 'Phi3DecoderLayer' object has no attribute 'output'
2026-08-13 08:32:37,905 WARNING layer sweep cache failed on bbq_a9badfe7: 'Phi3DecoderLayer' object has no attribute 'output'
2026-08-13 08:32:37,908 WARNING layer sweep cache failed on bbq_aa908541: 'Phi3DecoderLayer' object has no attribute 'output'
2026-08-13 08:32:37,911 WARNING layer sweep cache failed on bbq_aa908541: 'Phi3DecoderLayer' object has no attribute 'output'
2026-08-13 08:32:37,914 WARNING layer sweep cache failed on bbq_aa908541: 'Phi3DecoderLayer' object has no attribute 'output'
2026-08-13 08:32:37,917 WARNING layer sweep cache failed on bbq_aa908541: 'Phi3DecoderLayer' object has no attribute 'output'
2026-08-13 08:32:37,921 WARNING layer sweep cache failed on bbq_ababb2ec: 'Phi3DecoderLayer' object has no attribute 'output'
2026-08-13 08:32:37,924 WARNING layer sweep cache failed on bbq_ababb2ec: 'Phi3DecoderLayer' object has no attribute 'output'
2026-08-13 08:32:37,927 WARNING layer sweep cache failed on bbq_ababb2ec: 'Phi3DecoderLayer' object has no attribute 'output'
2026-08-13 08:32:37,931 WARNING layer sweep cache failed on bbq_abf24e99: 'Phi3DecoderLayer' object has no attribute 'output'
2026-08-13 08:32:37,935 WARNING layer sweep cache failed on bbq_abf24e99: 'Phi3DecoderLayer' object has no attribute 'output'
2026-08-13 08:32:37,938 WARNING layer sweep cache failed on bbq_abf24e99: 'Phi3DecoderLayer' object has no attribute 'output'
2026-08-13 08:32:37,942 WARNING layer sweep cache failed on bbq_abf24e99: 'Phi3DecoderLayer' object has no attribute 'output'
2026-08-13 08:32:37,944 WARNING layer sweep cache failed on bbq_ae5665b8: 'Phi3DecoderLayer' object has no attribute 'output'
2026-08-13 08:32:37,948 WARNING layer sweep cache failed on bbq_b0d0d8a6: 'Phi3DecoderLayer' object has no attribute 'output'
2026-08-13 08:32:37,951 WARNING layer sweep cache failed on bbq_b0d0d8a6: 'Phi3DecoderLayer' object has no attribute 'output'
2026-08-13 08:32:37,954 WARNING layer sweep cache failed on bbq_b2236867: 'Phi3DecoderLayer' object has no attribute 'output'
2026-08-13 08:32:37,958 WARNING layer sweep cache failed on bbq_b2236867: 'Phi3DecoderLayer' object has no attribute 'output'
2026-08-13 08:32:37,961 WARNING layer sweep cache failed on bbq_b2236867: 'Phi3DecoderLayer' object has no attribute 'output'
2026-08-13 08:32:37,965 WARNING layer sweep cache failed on bbq_b2236867: 'Phi3DecoderLayer' object has no attribute 'output'
2026-08-13 08:32:37,968 WARNING layer sweep cache failed on bbq_b2236867: 'Phi3DecoderLayer' object has no attribute 'output'
2026-08-13 08:32:37,972 WARNING layer sweep cache failed on bbq_b2236867: 'Phi3DecoderLayer' object has no attribute 'output'
2026-08-13 08:32:37,975 WARNING layer sweep cache failed on bbq_b298d32c: 'Phi3DecoderLayer' object has no attribute 'output'
2026-08-13 08:32:37,978 WARNING layer sweep cache failed on bbq_b298d32c: 'Phi3DecoderLayer' object has no attribute 'output'
2026-08-13 08:32:37,981 WARNING layer sweep cache failed on bbq_b2be50e5: 'Phi3DecoderLayer' object has no attribute 'output'
2026-08-13 08:32:37,983 WARNING layer sweep cache failed on bbq_b2be50e5: 'Phi3DecoderLayer' object has no attribute 'output'
2026-08-13 08:32:37,986 WARNING layer sweep cache failed on bbq_b2ca1606: 'Phi3DecoderLayer' object has no attribute 'output'
2026-08-13 08:32:37,988 WARNING layer sweep cache failed on bbq_b55da45c: 'Phi3DecoderLayer' object has no attribute 'output'
2026-08-13 08:32:37,992 WARNING layer sweep cache failed on bbq_b64ef971: 'Phi3DecoderLayer' object has no attribute 'output'
2026-08-13 08:32:37,996 WARNING layer sweep cache failed on bbq_b64ef971: 'Phi3DecoderLayer' object has no attribute 'output'
2026-08-13 08:32:37,999 WARNING layer sweep cache failed on bbq_b64ef971: 'Phi3DecoderLayer' object has no attribute 'output'
2026-08-13 08:32:38,003 WARNING layer sweep cache failed on bbq_b64ef971: 'Phi3DecoderLayer' object has no attribute 'output'
2026-08-13 08:32:38,006 WARNING layer sweep cache failed on bbq_b6c251ec: 'Phi3DecoderLayer' object has no attribute 'output'
2026-08-13 08:32:38,009 WARNING layer sweep cache failed on bbq_b6c251ec: 'Phi3DecoderLayer' object has no attribute 'output'
2026-08-13 08:32:38,012 WARNING layer sweep cache failed on bbq_b7575a13: 'Phi3DecoderLayer' object has no attribute 'output'
2026-08-13 08:32:38,015 WARNING layer sweep cache failed on bbq_b7ee1adf: 'Phi3DecoderLayer' object has no attribute 'output'
2026-08-13 08:32:38,018 WARNING layer sweep cache failed on bbq_b7ee1adf: 'Phi3DecoderLayer' object has no attribute 'output'
2026-08-13 08:32:38,021 WARNING layer sweep cache failed on bbq_ba61358c: 'Phi3DecoderLayer' object has no attribute 'output'
2026-08-13 08:32:38,023 WARNING layer sweep cache failed on bbq_bac8dd57: 'Phi3DecoderLayer' object has no attribute 'output'
2026-08-13 08:32:38,026 WARNING layer sweep cache failed on bbq_bac8dd57: 'Phi3DecoderLayer' object has no attribute 'output'
2026-08-13 08:32:38,029 WARNING layer sweep cache failed on bbq_bb91b774: 'Phi3DecoderLayer' object has no attribute 'output'
2026-08-13 08:32:38,032 WARNING layer sweep cache failed on bbq_bb91b774: 'Phi3DecoderLayer' object has no attribute 'output'
2026-08-13 08:32:38,036 WARNING layer sweep cache failed on bbq_bb91b774: 'Phi3DecoderLayer' object has no attribute 'output'
2026-08-13 08:32:38,039 WARNING layer sweep cache failed on bbq_bb91b774: 'Phi3DecoderLayer' object has no attribute 'output'
2026-08-13 08:32:38,042 WARNING layer sweep cache failed on bbq_bb91b774: 'Phi3DecoderLayer' object has no attribute 'output'
2026-08-13 08:32:38,045 WARNING layer sweep cache failed on bbq_c1b8a802: 'Phi3DecoderLayer' object has no attribute 'output'
2026-08-13 08:32:38,047 WARNING layer sweep cache failed on bbq_c5852dfa: 'Phi3DecoderLayer' object has no attribute 'output'
2026-08-13 08:32:38,050 WARNING layer sweep cache failed on bbq_c58deb3d: 'Phi3DecoderLayer' object has no attribute 'output'
2026-08-13 08:32:38,052 WARNING layer sweep cache failed on bbq_c58deb3d: 'Phi3DecoderLayer' object has no attribute 'output'
2026-08-13 08:32:38,055 WARNING layer sweep cache failed on bbq_c58deb3d: 'Phi3DecoderLayer' object has no attribute 'output'
2026-08-13 08:32:38,057 WARNING layer sweep cache failed on bbq_c58deb3d: 'Phi3DecoderLayer' object has no attribute 'output'
2026-08-13 08:32:38,059 WARNING layer sweep cache failed on bbq_c5e7c23a: 'Phi3DecoderLayer' object has no attribute 'output'
2026-08-13 08:32:38,062 WARNING layer sweep cache failed on bbq_c65dffbe: 'Phi3DecoderLayer' object has no attribute 'output'
2026-08-13 08:32:38,065 WARNING layer sweep cache failed on bbq_c65dffbe: 'Phi3DecoderLayer' object has no attribute 'output'
2026-08-13 08:32:38,068 WARNING layer sweep cache failed on bbq_c756d81d: 'Phi3DecoderLayer' object has no attribute 'output'
2026-08-13 08:32:38,070 WARNING layer sweep cache failed on bbq_c756d81d: 'Phi3DecoderLayer' object has no attribute 'output'
2026-08-13 08:32:38,073 WARNING layer sweep cache failed on bbq_c829c21d: 'Phi3DecoderLayer' object has no attribute 'output'
2026-08-13 08:32:38,075 WARNING layer sweep cache failed on bbq_c829c21d: 'Phi3DecoderLayer' object has no attribute 'output'
2026-08-13 08:32:38,078 WARNING layer sweep cache failed on bbq_c8317710: 'Phi3DecoderLayer' object has no attribute 'output'
2026-08-13 08:32:38,082 WARNING layer sweep cache failed on bbq_c8317710: 'Phi3DecoderLayer' object has no attribute 'output'
2026-08-13 08:32:38,086 WARNING layer sweep cache failed on bbq_c8317710: 'Phi3DecoderLayer' object has no attribute 'output'
2026-08-13 08:32:38,089 WARNING layer sweep cache failed on bbq_c8610b36: 'Phi3DecoderLayer' object has no attribute 'output'
2026-08-13 08:32:38,091 WARNING layer sweep cache failed on bbq_c8dac5a5: 'Phi3DecoderLayer' object has no attribute 'output'
2026-08-13 08:32:38,094 WARNING layer sweep cache failed on bbq_c8eac6dd: 'Phi3DecoderLayer' object has no attribute 'output'
2026-08-13 08:32:38,096 WARNING layer sweep cache failed on bbq_c8eac6dd: 'Phi3DecoderLayer' object has no attribute 'output'
2026-08-13 08:32:38,100 WARNING layer sweep cache failed on bbq_c9197208: 'Phi3DecoderLayer' object has no attribute 'output'
2026-08-13 08:32:38,104 WARNING layer sweep cache failed on bbq_cad805ce: 'Phi3DecoderLayer' object has no attribute 'output'
2026-08-13 08:32:38,107 WARNING layer sweep cache failed on bbq_cad805ce: 'Phi3DecoderLayer' object has no attribute 'output'
2026-08-13 08:32:38,111 WARNING layer sweep cache failed on bbq_caf9cc05: 'Phi3DecoderLayer' object has no attribute 'output'
2026-08-13 08:32:38,115 WARNING layer sweep cache failed on bbq_caf9cc05: 'Phi3DecoderLayer' object has no attribute 'output'
2026-08-13 08:32:38,119 WARNING layer sweep cache failed on bbq_cd1106d7: 'Phi3DecoderLayer' object has no attribute 'output'
2026-08-13 08:32:38,123 WARNING layer sweep cache failed on bbq_cd1106d7: 'Phi3DecoderLayer' object has no attribute 'output'
2026-08-13 08:32:38,127 WARNING layer sweep cache failed on bbq_cd1106d7: 'Phi3DecoderLayer' object has no attribute 'output'
2026-08-13 08:32:38,131 WARNING layer sweep cache failed on bbq_cd1106d7: 'Phi3DecoderLayer' object has no attribute 'output'
2026-08-13 08:32:38,134 WARNING layer sweep cache failed on bbq_cd414e87: 'Phi3DecoderLayer' object has no attribute 'output'
2026-08-13 08:32:38,137 WARNING layer sweep cache failed on bbq_d02e13d1: 'Phi3DecoderLayer' object has no attribute 'output'
2026-08-13 08:32:38,141 WARNING layer sweep cache failed on bbq_d0575bc7: 'Phi3DecoderLayer' object has no attribute 'output'
2026-08-13 08:32:38,144 WARNING layer sweep cache failed on bbq_d05dad28: 'Phi3DecoderLayer' object has no attribute 'output'
2026-08-13 08:32:38,147 WARNING layer sweep cache failed on bbq_d06f99f9: 'Phi3DecoderLayer' object has no attribute 'output'
2026-08-13 08:32:38,149 WARNING layer sweep cache failed on bbq_d06f99f9: 'Phi3DecoderLayer' object has no attribute 'output'
2026-08-13 08:32:38,152 WARNING layer sweep cache failed on bbq_d17653f6: 'Phi3DecoderLayer' object has no attribute 'output'
2026-08-13 08:32:38,154 WARNING layer sweep cache failed on bbq_d2da87a2: 'Phi3DecoderLayer' object has no attribute 'output'
2026-08-13 08:32:38,157 WARNING layer sweep cache failed on bbq_d2da87a2: 'Phi3DecoderLayer' object has no attribute 'output'
2026-08-13 08:32:38,159 WARNING layer sweep cache failed on bbq_d6d00484: 'Phi3DecoderLayer' object has no attribute 'output'
2026-08-13 08:32:38,162 WARNING layer sweep cache failed on bbq_d6d00484: 'Phi3DecoderLayer' object has no attribute 'output'
2026-08-13 08:32:38,164 WARNING layer sweep cache failed on bbq_d6d00484: 'Phi3DecoderLayer' object has no attribute 'output'
2026-08-13 08:32:38,167 WARNING layer sweep cache failed on bbq_d7a3b572: 'Phi3DecoderLayer' object has no attribute 'output'
2026-08-13 08:32:38,171 WARNING layer sweep cache failed on bbq_d7a3b572: 'Phi3DecoderLayer' object has no attribute 'output'
2026-08-13 08:32:38,174 WARNING layer sweep cache failed on bbq_d7a3b572: 'Phi3DecoderLayer' object has no attribute 'output'
2026-08-13 08:32:38,176 WARNING layer sweep cache failed on bbq_d7f3d93a: 'Phi3DecoderLayer' object has no attribute 'output'
2026-08-13 08:32:38,179 WARNING layer sweep cache failed on bbq_d7f3d93a: 'Phi3DecoderLayer' object has no attribute 'output'
2026-08-13 08:32:38,181 WARNING layer sweep cache failed on bbq_d7f3d93a: 'Phi3DecoderLayer' object has no attribute 'output'
2026-08-13 08:32:38,184 WARNING layer sweep cache failed on bbq_d7fc8b3a: 'Phi3DecoderLayer' object has no attribute 'output'
2026-08-13 08:32:38,187 WARNING layer sweep cache failed on bbq_d9251e0a: 'Phi3DecoderLayer' object has no attribute 'output'
2026-08-13 08:32:38,191 WARNING layer sweep cache failed on bbq_d9251e0a: 'Phi3DecoderLayer' object has no attribute 'output'
2026-08-13 08:32:38,194 WARNING layer sweep cache failed on bbq_d9251e0a: 'Phi3DecoderLayer' object has no attribute 'output'
2026-08-13 08:32:38,197 WARNING layer sweep cache failed on bbq_d9251e0a: 'Phi3DecoderLayer' object has no attribute 'output'
2026-08-13 08:32:38,199 WARNING layer sweep cache failed on bbq_d9494b34: 'Phi3DecoderLayer' object has no attribute 'output'
2026-08-13 08:32:38,202 WARNING layer sweep cache failed on bbq_d9494b34: 'Phi3DecoderLayer' object has no attribute 'output'
2026-08-13 08:32:38,205 WARNING layer sweep cache failed on bbq_d9494b34: 'Phi3DecoderLayer' object has no attribute 'output'
2026-08-13 08:32:38,208 WARNING layer sweep cache failed on bbq_daff6e97: 'Phi3DecoderLayer' object has no attribute 'output'
2026-08-13 08:32:38,210 WARNING layer sweep cache failed on bbq_daff6e97: 'Phi3DecoderLayer' object has no attribute 'output'
2026-08-13 08:32:38,213 WARNING layer sweep cache failed on bbq_daff6e97: 'Phi3DecoderLayer' object has no attribute 'output'
2026-08-13 08:32:38,216 WARNING layer sweep cache failed on bbq_daff6e97: 'Phi3DecoderLayer' object has no attribute 'output'
2026-08-13 08:32:38,219 WARNING layer sweep cache failed on bbq_dec8f0f1: 'Phi3DecoderLayer' object has no attribute 'output'
2026-08-13 08:32:38,221 WARNING layer sweep cache failed on bbq_e0c9f3f7: 'Phi3DecoderLayer' object has no attribute 'output'
2026-08-13 08:32:38,224 WARNING layer sweep cache failed on bbq_e14e22f5: 'Phi3DecoderLayer' object has no attribute 'output'
2026-08-13 08:32:38,227 WARNING layer sweep cache failed on bbq_e14e22f5: 'Phi3DecoderLayer' object has no attribute 'output'
2026-08-13 08:32:38,230 WARNING layer sweep cache failed on bbq_e14e22f5: 'Phi3DecoderLayer' object has no attribute 'output'
2026-08-13 08:32:38,232 WARNING layer sweep cache failed on bbq_e26d0551: 'Phi3DecoderLayer' object has no attribute 'output'
2026-08-13 08:32:38,235 WARNING layer sweep cache failed on bbq_e26d0551: 'Phi3DecoderLayer' object has no attribute 'output'
2026-08-13 08:32:38,238 WARNING layer sweep cache failed on bbq_e26d0551: 'Phi3DecoderLayer' object has no attribute 'output'
2026-08-13 08:32:38,241 WARNING layer sweep cache failed on bbq_e30d453e: 'Phi3DecoderLayer' object has no attribute 'output'
2026-08-13 08:32:38,243 WARNING layer sweep cache failed on bbq_e30d453e: 'Phi3DecoderLayer' object has no attribute 'output'
2026-08-13 08:32:38,246 WARNING layer sweep cache failed on bbq_e30d453e: 'Phi3DecoderLayer' object has no attribute 'output'
2026-08-13 08:32:38,250 WARNING layer sweep cache failed on bbq_e415f450: 'Phi3DecoderLayer' object has no attribute 'output'
2026-08-13 08:32:38,254 WARNING layer sweep cache failed on bbq_e415f450: 'Phi3DecoderLayer' object has no attribute 'output'
2026-08-13 08:32:38,257 WARNING layer sweep cache failed on bbq_e415f450: 'Phi3DecoderLayer' object has no attribute 'output'
2026-08-13 08:32:38,261 WARNING layer sweep cache failed on bbq_e415f450: 'Phi3DecoderLayer' object has no attribute 'output'
2026-08-13 08:32:38,265 WARNING layer sweep cache failed on bbq_e44281d5: 'Phi3DecoderLayer' object has no attribute 'output'
2026-08-13 08:32:38,267 WARNING layer sweep cache failed on bbq_e45c2818: 'Phi3DecoderLayer' object has no attribute 'output'
2026-08-13 08:32:38,270 WARNING layer sweep cache failed on bbq_e45c2818: 'Phi3DecoderLayer' object has no attribute 'output'
2026-08-13 08:32:38,273 WARNING layer sweep cache failed on bbq_e4db0c2f: 'Phi3DecoderLayer' object has no attribute 'output'
2026-08-13 08:32:38,276 WARNING layer sweep cache failed on bbq_e5d48a82: 'Phi3DecoderLayer' object has no attribute 'output'
2026-08-13 08:32:38,279 WARNING layer sweep cache failed on bbq_e704871c: 'Phi3DecoderLayer' object has no attribute 'output'
2026-08-13 08:32:38,282 WARNING layer sweep cache failed on bbq_e781c9d6: 'Phi3DecoderLayer' object has no attribute 'output'
2026-08-13 08:32:38,285 WARNING layer sweep cache failed on bbq_e781c9d6: 'Phi3DecoderLayer' object has no attribute 'output'
2026-08-13 08:32:38,288 WARNING layer sweep cache failed on bbq_e781c9d6: 'Phi3DecoderLayer' object has no attribute 'output'
2026-08-13 08:32:38,291 WARNING layer sweep cache failed on bbq_e781c9d6: 'Phi3DecoderLayer' object has no attribute 'output'
2026-08-13 08:32:38,294 WARNING layer sweep cache failed on bbq_e781c9d6: 'Phi3DecoderLayer' object has no attribute 'output'
2026-08-13 08:32:38,297 WARNING layer sweep cache failed on bbq_e85d8f93: 'Phi3DecoderLayer' object has no attribute 'output'
2026-08-13 08:32:38,299 WARNING layer sweep cache failed on bbq_e85d8f93: 'Phi3DecoderLayer' object has no attribute 'output'
2026-08-13 08:32:38,302 WARNING layer sweep cache failed on bbq_e8640172: 'Phi3DecoderLayer' object has no attribute 'output'
2026-08-13 08:32:38,304 WARNING layer sweep cache failed on bbq_e8e7363c: 'Phi3DecoderLayer' object has no attribute 'output'
2026-08-13 08:32:38,306 WARNING layer sweep cache failed on bbq_e8e7363c: 'Phi3DecoderLayer' object has no attribute 'output'
2026-08-13 08:32:38,308 WARNING layer sweep cache failed on bbq_e8e7363c: 'Phi3DecoderLayer' object has no attribute 'output'
2026-08-13 08:32:38,311 WARNING layer sweep cache failed on bbq_ec7f2cfb: 'Phi3DecoderLayer' object has no attribute 'output'
2026-08-13 08:32:38,314 WARNING layer sweep cache failed on bbq_ec7f2cfb: 'Phi3DecoderLayer' object has no attribute 'output'
2026-08-13 08:32:38,318 WARNING layer sweep cache failed on bbq_ec7f2cfb: 'Phi3DecoderLayer' object has no attribute 'output'
2026-08-13 08:32:38,321 WARNING layer sweep cache failed on bbq_ec7f2cfb: 'Phi3DecoderLayer' object has no attribute 'output'
2026-08-13 08:32:38,324 WARNING layer sweep cache failed on bbq_ed5db3b0: 'Phi3DecoderLayer' object has no attribute 'output'
2026-08-13 08:32:38,328 WARNING layer sweep cache failed on bbq_ed5db3b0: 'Phi3DecoderLayer' object has no attribute 'output'
2026-08-13 08:32:38,330 WARNING layer sweep cache failed on bbq_ef3eb5e2: 'Phi3DecoderLayer' object has no attribute 'output'
2026-08-13 08:32:38,332 WARNING layer sweep cache failed on bbq_ef3eb5e2: 'Phi3DecoderLayer' object has no attribute 'output'
2026-08-13 08:32:38,336 WARNING layer sweep cache failed on bbq_ef8f080b: 'Phi3DecoderLayer' object has no attribute 'output'
2026-08-13 08:32:38,339 WARNING layer sweep cache failed on bbq_ef8f080b: 'Phi3DecoderLayer' object has no attribute 'output'
2026-08-13 08:32:38,342 WARNING layer sweep cache failed on bbq_ef8f080b: 'Phi3DecoderLayer' object has no attribute 'output'
2026-08-13 08:32:38,346 WARNING layer sweep cache failed on bbq_f07ab016: 'Phi3DecoderLayer' object has no attribute 'output'
2026-08-13 08:32:38,349 WARNING layer sweep cache failed on bbq_f07ab016: 'Phi3DecoderLayer' object has no attribute 'output'
2026-08-13 08:32:38,353 WARNING layer sweep cache failed on bbq_f07ab016: 'Phi3DecoderLayer' object has no attribute 'output'
2026-08-13 08:32:38,355 WARNING layer sweep cache failed on bbq_f1ae4a36: 'Phi3DecoderLayer' object has no attribute 'output'
2026-08-13 08:32:38,358 WARNING layer sweep cache failed on bbq_f1ae4a36: 'Phi3DecoderLayer' object has no attribute 'output'
2026-08-13 08:32:38,360 WARNING layer sweep cache failed on bbq_f1ae4a36: 'Phi3DecoderLayer' object has no attribute 'output'
2026-08-13 08:32:38,362 WARNING layer sweep cache failed on bbq_f2fd55cd: 'Phi3DecoderLayer' object has no attribute 'output'
2026-08-13 08:32:38,367 WARNING layer sweep cache failed on bbq_f2fd55cd: 'Phi3DecoderLayer' object has no attribute 'output'
2026-08-13 08:32:38,371 WARNING layer sweep cache failed on bbq_f2fedade: 'Phi3DecoderLayer' object has no attribute 'output'
2026-08-13 08:32:38,374 WARNING layer sweep cache failed on bbq_f2fedade: 'Phi3DecoderLayer' object has no attribute 'output'
2026-08-13 08:32:38,377 WARNING layer sweep cache failed on bbq_f2fedade: 'Phi3DecoderLayer' object has no attribute 'output'
2026-08-13 08:32:38,380 WARNING layer sweep cache failed on bbq_f2fedade: 'Phi3DecoderLayer' object has no attribute 'output'
2026-08-13 08:32:38,385 WARNING layer sweep cache failed on bbq_f30d852d: 'Phi3DecoderLayer' object has no attribute 'output'
2026-08-13 08:32:38,388 WARNING layer sweep cache failed on bbq_f30d852d: 'Phi3DecoderLayer' object has no attribute 'output'
2026-08-13 08:32:38,391 WARNING layer sweep cache failed on bbq_f3f0d94d: 'Phi3DecoderLayer' object has no attribute 'output'
2026-08-13 08:32:38,396 WARNING layer sweep cache failed on bbq_f41b7538: 'Phi3DecoderLayer' object has no attribute 'output'
2026-08-13 08:32:38,400 WARNING layer sweep cache failed on bbq_f41b7538: 'Phi3DecoderLayer' object has no attribute 'output'
2026-08-13 08:32:38,403 WARNING layer sweep cache failed on bbq_f5728bc3: 'Phi3DecoderLayer' object has no attribute 'output'
2026-08-13 08:32:38,405 WARNING layer sweep cache failed on bbq_f9f88d37: 'Phi3DecoderLayer' object has no attribute 'output'
2026-08-13 08:32:38,407 WARNING layer sweep cache failed on bbq_f9f88d37: 'Phi3DecoderLayer' object has no attribute 'output'
2026-08-13 08:32:38,411 WARNING layer sweep cache failed on bbq_fb0eaa38: 'Phi3DecoderLayer' object has no attribute 'output'
2026-08-13 08:32:38,415 WARNING layer sweep cache failed on bbq_fb0eaa38: 'Phi3DecoderLayer' object has no attribute 'output'
2026-08-13 08:32:38,419 WARNING layer sweep cache failed on bbq_fb0eaa38: 'Phi3DecoderLayer' object has no attribute 'output'
2026-08-13 08:32:38,423 WARNING layer sweep cache failed on bbq_fb0eaa38: 'Phi3DecoderLayer' object has no attribute 'output'
2026-08-13 08:32:38,427 WARNING layer sweep cache failed on bbq_fb0eaa38: 'Phi3DecoderLayer' object has no attribute 'output'
2026-08-13 08:32:38,430 WARNING layer sweep cache failed on bbq_fc892bbe: 'Phi3DecoderLayer' object has no attribute 'output'
2026-08-13 08:32:38,432 WARNING layer sweep cache failed on bbq_fc892bbe: 'Phi3DecoderLayer' object has no attribute 'output'
2026-08-13 08:32:38,435 WARNING layer sweep cache failed on bbq_fc892bbe: 'Phi3DecoderLayer' object has no attribute 'output'
2026-08-13 08:32:38,437 WARNING layer sweep cache failed on bbq_fdc1cda3: 'Phi3DecoderLayer' object has no attribute 'output'
2026-08-13 08:32:38,439 WARNING layer sweep cache failed on bbq_fdc1cda3: 'Phi3DecoderLayer' object has no attribute 'output'
2026-08-13 08:32:38,442 WARNING layer sweep cache failed on bbq_fe3a6d67: 'Phi3DecoderLayer' object has no attribute 'output'
2026-08-13 08:32:38,446 WARNING layer sweep cache failed on bbq_fef507b4: 'Phi3DecoderLayer' object has no attribute 'output'
2026-08-13 08:32:38,450 WARNING layer sweep cache failed on bbq_fef507b4: 'Phi3DecoderLayer' object has no attribute 'output'
2026-08-13 08:32:38,452 WARNING layer sweep cache failed on crows_005bea6b: 'Phi3DecoderLayer' object has no attribute 'output'
2026-08-13 08:32:38,454 WARNING layer sweep cache failed on crows_005bea6b: 'Phi3DecoderLayer' object has no attribute 'output'
2026-08-13 08:32:38,457 WARNING layer sweep cache failed on crows_005bea6b: 'Phi3DecoderLayer' object has no attribute 'output'
2026-08-13 08:32:38,459 WARNING layer sweep cache failed on crows_005bea6b: 'Phi3DecoderLayer' object has no attribute 'output'
2026-08-13 08:32:38,461 WARNING layer sweep cache failed on crows_0195d97f: 'Phi3DecoderLayer' object has no attribute 'output'
2026-08-13 08:32:38,464 WARNING layer sweep cache failed on crows_0195d97f: 'Phi3DecoderLayer' object has no attribute 'output'
2026-08-13 08:32:38,466 WARNING layer sweep cache failed on crows_0195d97f: 'Phi3DecoderLayer' object has no attribute 'output'
2026-08-13 08:32:38,468 WARNING layer sweep cache failed on crows_055181b7: 'Phi3DecoderLayer' object has no attribute 'output'
2026-08-13 08:32:38,470 WARNING layer sweep cache failed on crows_055181b7: 'Phi3DecoderLayer' object has no attribute 'output'
2026-08-13 08:32:38,473 WARNING layer sweep cache failed on crows_083c0dd0: 'Phi3DecoderLayer' object has no attribute 'output'
2026-08-13 08:32:38,476 WARNING layer sweep cache failed on crows_083c0dd0: 'Phi3DecoderLayer' object has no attribute 'output'
2026-08-13 08:32:38,478 WARNING layer sweep cache failed on crows_083c0dd0: 'Phi3DecoderLayer' object has no attribute 'output'
2026-08-13 08:32:38,480 WARNING layer sweep cache failed on crows_0907cbcd: 'Phi3DecoderLayer' object has no attribute 'output'
2026-08-13 08:32:38,483 WARNING layer sweep cache failed on crows_09cd9c45: 'Phi3DecoderLayer' object has no attribute 'output'
2026-08-13 08:32:38,486 WARNING layer sweep cache failed on crows_0d5a285d: 'Phi3DecoderLayer' object has no attribute 'output'
2026-08-13 08:32:38,489 WARNING layer sweep cache failed on crows_0d5a285d: 'Phi3DecoderLayer' object has no attribute 'output'
2026-08-13 08:32:38,492 WARNING layer sweep cache failed on crows_0d5a285d: 'Phi3DecoderLayer' object has no attribute 'output'
2026-08-13 08:32:38,494 WARNING layer sweep cache failed on crows_0dc63717: 'Phi3DecoderLayer' object has no attribute 'output'
2026-08-13 08:32:38,496 WARNING layer sweep cache failed on crows_0dc63717: 'Phi3DecoderLayer' object has no attribute 'output'
2026-08-13 08:32:38,499 WARNING layer sweep cache failed on crows_0e72e1c2: 'Phi3DecoderLayer' object has no attribute 'output'
2026-08-13 08:32:38,501 WARNING layer sweep cache failed on crows_11c6739d: 'Phi3DecoderLayer' object has no attribute 'output'
2026-08-13 08:32:38,503 WARNING layer sweep cache failed on crows_11c6739d: 'Phi3DecoderLayer' object has no attribute 'output'
2026-08-13 08:32:38,506 WARNING layer sweep cache failed on crows_120931a5: 'Phi3DecoderLayer' object has no attribute 'output'
2026-08-13 08:32:38,508 WARNING layer sweep cache failed on crows_120931a5: 'Phi3DecoderLayer' object has no attribute 'output'
2026-08-13 08:32:38,510 WARNING layer sweep cache failed on crows_12a6ebe1: 'Phi3DecoderLayer' object has no attribute 'output'
2026-08-13 08:32:38,513 WARNING layer sweep cache failed on crows_12a6ebe1: 'Phi3DecoderLayer' object has no attribute 'output'
2026-08-13 08:32:38,516 WARNING layer sweep cache failed on crows_12a6ebe1: 'Phi3DecoderLayer' object has no attribute 'output'
2026-08-13 08:32:38,518 WARNING layer sweep cache failed on crows_12a6ebe1: 'Phi3DecoderLayer' object has no attribute 'output'
2026-08-13 08:32:38,521 WARNING layer sweep cache failed on crows_12a6ebe1: 'Phi3DecoderLayer' object has no attribute 'output'
2026-08-13 08:32:38,523 WARNING layer sweep cache failed on crows_12ed23fd: 'Phi3DecoderLayer' object has no attribute 'output'
2026-08-13 08:32:38,526 WARNING layer sweep cache failed on crows_15d8250c: 'Phi3DecoderLayer' object has no attribute 'output'
2026-08-13 08:32:38,528 WARNING layer sweep cache failed on crows_15d8250c: 'Phi3DecoderLayer' object has no attribute 'output'
2026-08-13 08:32:38,531 WARNING layer sweep cache failed on crows_18732289: 'Phi3DecoderLayer' object has no attribute 'output'
2026-08-13 08:32:38,533 WARNING layer sweep cache failed on crows_18732289: 'Phi3DecoderLayer' object has no attribute 'output'
2026-08-13 08:32:38,536 WARNING layer sweep cache failed on crows_1c1bdf8c: 'Phi3DecoderLayer' object has no attribute 'output'
2026-08-13 08:32:38,538 WARNING layer sweep cache failed on crows_1c1bdf8c: 'Phi3DecoderLayer' object has no attribute 'output'
2026-08-13 08:32:38,540 WARNING layer sweep cache failed on crows_1c6d9faf: 'Phi3DecoderLayer' object has no attribute 'output'
2026-08-13 08:32:38,542 WARNING layer sweep cache failed on crows_1e94d121: 'Phi3DecoderLayer' object has no attribute 'output'
2026-08-13 08:32:38,545 WARNING layer sweep cache failed on crows_218605a7: 'Phi3DecoderLayer' object has no attribute 'output'
2026-08-13 08:32:38,548 WARNING layer sweep cache failed on crows_21c6fbfe: 'Phi3DecoderLayer' object has no attribute 'output'
2026-08-13 08:32:38,550 WARNING layer sweep cache failed on crows_21c6fbfe: 'Phi3DecoderLayer' object has no attribute 'output'
2026-08-13 08:32:38,552 WARNING layer sweep cache failed on crows_223de8c2: 'Phi3DecoderLayer' object has no attribute 'output'
2026-08-13 08:32:38,554 WARNING layer sweep cache failed on crows_223de8c2: 'Phi3DecoderLayer' object has no attribute 'output'
2026-08-13 08:32:38,556 WARNING layer sweep cache failed on crows_223de8c2: 'Phi3DecoderLayer' object has no attribute 'output'
2026-08-13 08:32:38,559 WARNING layer sweep cache failed on crows_229ddead: 'Phi3DecoderLayer' object has no attribute 'output'
2026-08-13 08:32:38,561 WARNING layer sweep cache failed on crows_229ddead: 'Phi3DecoderLayer' object has no attribute 'output'
2026-08-13 08:32:38,563 WARNING layer sweep cache failed on crows_229ddead: 'Phi3DecoderLayer' object has no attribute 'output'
2026-08-13 08:32:38,565 WARNING layer sweep cache failed on crows_229ddead: 'Phi3DecoderLayer' object has no attribute 'output'
2026-08-13 08:32:38,568 WARNING layer sweep cache failed on crows_2377a964: 'Phi3DecoderLayer' object has no attribute 'output'
2026-08-13 08:32:38,570 WARNING layer sweep cache failed on crows_2377a964: 'Phi3DecoderLayer' object has no attribute 'output'
2026-08-13 08:32:38,572 WARNING layer sweep cache failed on crows_240e7a1f: 'Phi3DecoderLayer' object has no attribute 'output'
2026-08-13 08:32:38,575 WARNING layer sweep cache failed on crows_240e7a1f: 'Phi3DecoderLayer' object has no attribute 'output'
2026-08-13 08:32:38,577 WARNING layer sweep cache failed on crows_244a94a1: 'Phi3DecoderLayer' object has no attribute 'output'
2026-08-13 08:32:38,579 WARNING layer sweep cache failed on crows_2c65ce7f: 'Phi3DecoderLayer' object has no attribute 'output'
2026-08-13 08:32:38,581 WARNING layer sweep cache failed on crows_2d4c9494: 'Phi3DecoderLayer' object has no attribute 'output'
2026-08-13 08:32:38,584 WARNING layer sweep cache failed on crows_2d4c9494: 'Phi3DecoderLayer' object has no attribute 'output'
2026-08-13 08:32:38,586 WARNING layer sweep cache failed on crows_2d4c9494: 'Phi3DecoderLayer' object has no attribute 'output'
2026-08-13 08:32:38,588 WARNING layer sweep cache failed on crows_2d4c9494: 'Phi3DecoderLayer' object has no attribute 'output'
2026-08-13 08:32:38,590 WARNING layer sweep cache failed on crows_2d666bd0: 'Phi3DecoderLayer' object has no attribute 'output'
2026-08-13 08:32:38,593 WARNING layer sweep cache failed on crows_3006a31a: 'Phi3DecoderLayer' object has no attribute 'output'
2026-08-13 08:32:38,596 WARNING layer sweep cache failed on crows_3006a31a: 'Phi3DecoderLayer' object has no attribute 'output'
2026-08-13 08:32:38,599 WARNING layer sweep cache failed on crows_31c2ec83: 'Phi3DecoderLayer' object has no attribute 'output'
2026-08-13 08:32:38,601 WARNING layer sweep cache failed on crows_31c2ec83: 'Phi3DecoderLayer' object has no attribute 'output'
2026-08-13 08:32:38,604 WARNING layer sweep cache failed on crows_34505558: 'Phi3DecoderLayer' object has no attribute 'output'
2026-08-13 08:32:38,606 WARNING layer sweep cache failed on crows_34505558: 'Phi3DecoderLayer' object has no attribute 'output'
2026-08-13 08:32:38,609 WARNING layer sweep cache failed on crows_34505558: 'Phi3DecoderLayer' object has no attribute 'output'
2026-08-13 08:32:38,611 WARNING layer sweep cache failed on crows_34df96e5: 'Phi3DecoderLayer' object has no attribute 'output'
2026-08-13 08:32:38,613 WARNING layer sweep cache failed on crows_34df96e5: 'Phi3DecoderLayer' object has no attribute 'output'
2026-08-13 08:32:38,615 WARNING layer sweep cache failed on crows_3a4060b7: 'Phi3DecoderLayer' object has no attribute 'output'
2026-08-13 08:32:38,618 WARNING layer sweep cache failed on crows_3c84a286: 'Phi3DecoderLayer' object has no attribute 'output'
2026-08-13 08:32:38,620 WARNING layer sweep cache failed on crows_3c84a286: 'Phi3DecoderLayer' object has no attribute 'output'
2026-08-13 08:32:38,622 WARNING layer sweep cache failed on crows_3f2f3e5c: 'Phi3DecoderLayer' object has no attribute 'output'
2026-08-13 08:32:38,625 WARNING layer sweep cache failed on crows_410c035b: 'Phi3DecoderLayer' object has no attribute 'output'
2026-08-13 08:32:38,627 WARNING layer sweep cache failed on crows_45c77040: 'Phi3DecoderLayer' object has no attribute 'output'
2026-08-13 08:32:38,630 WARNING layer sweep cache failed on crows_45c77040: 'Phi3DecoderLayer' object has no attribute 'output'
2026-08-13 08:32:38,633 WARNING layer sweep cache failed on crows_45c77040: 'Phi3DecoderLayer' object has no attribute 'output'
2026-08-13 08:32:38,635 WARNING layer sweep cache failed on crows_45c77040: 'Phi3DecoderLayer' object has no attribute 'output'
2026-08-13 08:32:38,638 WARNING layer sweep cache failed on crows_4614daad: 'Phi3DecoderLayer' object has no attribute 'output'
2026-08-13 08:32:38,641 WARNING layer sweep cache failed on crows_4614daad: 'Phi3DecoderLayer' object has no attribute 'output'
2026-08-13 08:32:38,643 WARNING layer sweep cache failed on crows_4614daad: 'Phi3DecoderLayer' object has no attribute 'output'
2026-08-13 08:32:38,646 WARNING layer sweep cache failed on crows_471c83a5: 'Phi3DecoderLayer' object has no attribute 'output'
2026-08-13 08:32:38,648 WARNING layer sweep cache failed on crows_471c83a5: 'Phi3DecoderLayer' object has no attribute 'output'
2026-08-13 08:32:38,652 WARNING layer sweep cache failed on crows_47a10838: 'Phi3DecoderLayer' object has no attribute 'output'
2026-08-13 08:32:38,655 WARNING layer sweep cache failed on crows_47a10838: 'Phi3DecoderLayer' object has no attribute 'output'
2026-08-13 08:32:38,657 WARNING layer sweep cache failed on crows_47aae1d9: 'Phi3DecoderLayer' object has no attribute 'output'
2026-08-13 08:32:38,659 WARNING layer sweep cache failed on crows_47aae1d9: 'Phi3DecoderLayer' object has no attribute 'output'
2026-08-13 08:32:38,662 WARNING layer sweep cache failed on crows_485fdd1c: 'Phi3DecoderLayer' object has no attribute 'output'
2026-08-13 08:32:38,665 WARNING layer sweep cache failed on crows_485fdd1c: 'Phi3DecoderLayer' object has no attribute 'output'
2026-08-13 08:32:38,667 WARNING layer sweep cache failed on crows_4894582d: 'Phi3DecoderLayer' object has no attribute 'output'
2026-08-13 08:32:38,670 WARNING layer sweep cache failed on crows_49c050bf: 'Phi3DecoderLayer' object has no attribute 'output'
2026-08-13 08:32:38,672 WARNING layer sweep cache failed on crows_49c050bf: 'Phi3DecoderLayer' object has no attribute 'output'
2026-08-13 08:32:38,675 WARNING layer sweep cache failed on crows_4ab5ac65: 'Phi3DecoderLayer' object has no attribute 'output'
2026-08-13 08:32:38,677 WARNING layer sweep cache failed on crows_4ab5ac65: 'Phi3DecoderLayer' object has no attribute 'output'
2026-08-13 08:32:38,680 WARNING layer sweep cache failed on crows_4ed2f0d4: 'Phi3DecoderLayer' object has no attribute 'output'
2026-08-13 08:32:38,682 WARNING layer sweep cache failed on crows_4ef446bd: 'Phi3DecoderLayer' object has no attribute 'output'
2026-08-13 08:32:38,684 WARNING layer sweep cache failed on crows_50297fbf: 'Phi3DecoderLayer' object has no attribute 'output'
2026-08-13 08:32:38,686 WARNING layer sweep cache failed on crows_50297fbf: 'Phi3DecoderLayer' object has no attribute 'output'
2026-08-13 08:32:38,688 WARNING layer sweep cache failed on crows_50297fbf: 'Phi3DecoderLayer' object has no attribute 'output'
2026-08-13 08:32:38,690 WARNING layer sweep cache failed on crows_50297fbf: 'Phi3DecoderLayer' object has no attribute 'output'
2026-08-13 08:32:38,693 WARNING layer sweep cache failed on crows_512608b8: 'Phi3DecoderLayer' object has no attribute 'output'
2026-08-13 08:32:38,695 WARNING layer sweep cache failed on crows_5270ca64: 'Phi3DecoderLayer' object has no attribute 'output'
2026-08-13 08:32:38,697 WARNING layer sweep cache failed on crows_5270ca64: 'Phi3DecoderLayer' object has no attribute 'output'
2026-08-13 08:32:38,700 WARNING layer sweep cache failed on crows_531085cf: 'Phi3DecoderLayer' object has no attribute 'output'
2026-08-13 08:32:38,702 WARNING layer sweep cache failed on crows_531085cf: 'Phi3DecoderLayer' object has no attribute 'output'
2026-08-13 08:32:38,704 WARNING layer sweep cache failed on crows_531085cf: 'Phi3DecoderLayer' object has no attribute 'output'
2026-08-13 08:32:38,707 WARNING layer sweep cache failed on crows_531085cf: 'Phi3DecoderLayer' object has no attribute 'output'
2026-08-13 08:32:38,709 WARNING layer sweep cache failed on crows_541cbf75: 'Phi3DecoderLayer' object has no attribute 'output'
2026-08-13 08:32:38,712 WARNING layer sweep cache failed on crows_5425c743: 'Phi3DecoderLayer' object has no attribute 'output'
2026-08-13 08:32:38,714 WARNING layer sweep cache failed on crows_57f97712: 'Phi3DecoderLayer' object has no attribute 'output'
2026-08-13 08:32:38,716 WARNING layer sweep cache failed on crows_57f97712: 'Phi3DecoderLayer' object has no attribute 'output'
2026-08-13 08:32:38,719 WARNING layer sweep cache failed on crows_5871177f: 'Phi3DecoderLayer' object has no attribute 'output'
2026-08-13 08:32:38,722 WARNING layer sweep cache failed on crows_58bd2ca3: 'Phi3DecoderLayer' object has no attribute 'output'
2026-08-13 08:32:38,724 WARNING layer sweep cache failed on crows_58bd2ca3: 'Phi3DecoderLayer' object has no attribute 'output'
2026-08-13 08:32:38,727 WARNING layer sweep cache failed on crows_58bd2ca3: 'Phi3DecoderLayer' object has no attribute 'output'
2026-08-13 08:32:38,729 WARNING layer sweep cache failed on crows_5a46a1c0: 'Phi3DecoderLayer' object has no attribute 'output'
2026-08-13 08:32:38,731 WARNING layer sweep cache failed on crows_5d329a68: 'Phi3DecoderLayer' object has no attribute 'output'
2026-08-13 08:32:38,734 WARNING layer sweep cache failed on crows_5d329a68: 'Phi3DecoderLayer' object has no attribute 'output'
2026-08-13 08:32:38,736 WARNING layer sweep cache failed on crows_5d329a68: 'Phi3DecoderLayer' object has no attribute 'output'
2026-08-13 08:32:38,738 WARNING layer sweep cache failed on crows_5d329a68: 'Phi3DecoderLayer' object has no attribute 'output'
2026-08-13 08:32:38,740 WARNING layer sweep cache failed on crows_5dac2270: 'Phi3DecoderLayer' object has no attribute 'output'
2026-08-13 08:32:38,743 WARNING layer sweep cache failed on crows_5de57dc8: 'Phi3DecoderLayer' object has no attribute 'output'
2026-08-13 08:32:38,745 WARNING layer sweep cache failed on crows_5de57dc8: 'Phi3DecoderLayer' object has no attribute 'output'
2026-08-13 08:32:38,747 WARNING layer sweep cache failed on crows_5de57dc8: 'Phi3DecoderLayer' object has no attribute 'output'
2026-08-13 08:32:38,749 WARNING layer sweep cache failed on crows_5eb11489: 'Phi3DecoderLayer' object has no attribute 'output'
2026-08-13 08:32:38,752 WARNING layer sweep cache failed on crows_5f2ce032: 'Phi3DecoderLayer' object has no attribute 'output'
2026-08-13 08:32:38,754 WARNING layer sweep cache failed on crows_67da3c4e: 'Phi3DecoderLayer' object has no attribute 'output'
2026-08-13 08:32:38,756 WARNING layer sweep cache failed on crows_67da3c4e: 'Phi3DecoderLayer' object has no attribute 'output'
2026-08-13 08:32:38,759 WARNING layer sweep cache failed on crows_67da3c4e: 'Phi3DecoderLayer' object has no attribute 'output'
2026-08-13 08:32:38,761 WARNING layer sweep cache failed on crows_67da3c4e: 'Phi3DecoderLayer' object has no attribute 'output'
2026-08-13 08:32:38,764 WARNING layer sweep cache failed on crows_67da3c4e: 'Phi3DecoderLayer' object has no attribute 'output'
2026-08-13 08:32:38,766 WARNING layer sweep cache failed on crows_6bbc7f86: 'Phi3DecoderLayer' object has no attribute 'output'
2026-08-13 08:32:38,768 WARNING layer sweep cache failed on crows_6bbc7f86: 'Phi3DecoderLayer' object has no attribute 'output'
2026-08-13 08:32:38,770 WARNING layer sweep cache failed on crows_72180b63: 'Phi3DecoderLayer' object has no attribute 'output'
2026-08-13 08:32:38,773 WARNING layer sweep cache failed on crows_732481e4: 'Phi3DecoderLayer' object has no attribute 'output'
2026-08-13 08:32:38,775 WARNING layer sweep cache failed on crows_741c45f4: 'Phi3DecoderLayer' object has no attribute 'output'
2026-08-13 08:32:38,778 WARNING layer sweep cache failed on crows_741c45f4: 'Phi3DecoderLayer' object has no attribute 'output'
2026-08-13 08:32:38,780 WARNING layer sweep cache failed on crows_741c45f4: 'Phi3DecoderLayer' object has no attribute 'output'
2026-08-13 08:32:38,782 WARNING layer sweep cache failed on crows_74833681: 'Phi3DecoderLayer' object has no attribute 'output'
2026-08-13 08:32:38,784 WARNING layer sweep cache failed on crows_74833681: 'Phi3DecoderLayer' object has no attribute 'output'
2026-08-13 08:32:38,787 WARNING layer sweep cache failed on crows_757150ed: 'Phi3DecoderLayer' object has no attribute 'output'
2026-08-13 08:32:38,789 WARNING layer sweep cache failed on crows_78150781: 'Phi3DecoderLayer' object has no attribute 'output'
2026-08-13 08:32:38,791 WARNING layer sweep cache failed on crows_78150781: 'Phi3DecoderLayer' object has no attribute 'output'
2026-08-13 08:32:38,793 WARNING layer sweep cache failed on crows_7bfa7d01: 'Phi3DecoderLayer' object has no attribute 'output'
2026-08-13 08:32:38,796 WARNING layer sweep cache failed on crows_7c94e1db: 'Phi3DecoderLayer' object has no attribute 'output'
2026-08-13 08:32:38,798 WARNING layer sweep cache failed on crows_7ea5b935: 'Phi3DecoderLayer' object has no attribute 'output'
2026-08-13 08:32:38,800 WARNING layer sweep cache failed on crows_7fadd43b: 'Phi3DecoderLayer' object has no attribute 'output'
2026-08-13 08:32:38,802 WARNING layer sweep cache failed on crows_7fadd43b: 'Phi3DecoderLayer' object has no attribute 'output'
2026-08-13 08:32:38,805 WARNING layer sweep cache failed on crows_803cf482: 'Phi3DecoderLayer' object has no attribute 'output'
2026-08-13 08:32:38,807 WARNING layer sweep cache failed on crows_82544afd: 'Phi3DecoderLayer' object has no attribute 'output'
2026-08-13 08:32:38,809 WARNING layer sweep cache failed on crows_82544afd: 'Phi3DecoderLayer' object has no attribute 'output'
2026-08-13 08:32:38,811 WARNING layer sweep cache failed on crows_8303e5b8: 'Phi3DecoderLayer' object has no attribute 'output'
2026-08-13 08:32:38,813 WARNING layer sweep cache failed on crows_8303e5b8: 'Phi3DecoderLayer' object has no attribute 'output'
2026-08-13 08:32:38,816 WARNING layer sweep cache failed on crows_83814cc8: 'Phi3DecoderLayer' object has no attribute 'output'
2026-08-13 08:32:38,818 WARNING layer sweep cache failed on crows_83814cc8: 'Phi3DecoderLayer' object has no attribute 'output'
2026-08-13 08:32:38,821 WARNING layer sweep cache failed on crows_84a9d6c9: 'Phi3DecoderLayer' object has no attribute 'output'
2026-08-13 08:32:38,823 WARNING layer sweep cache failed on crows_84d566c8: 'Phi3DecoderLayer' object has no attribute 'output'
2026-08-13 08:32:38,825 WARNING layer sweep cache failed on crows_84ef10c5: 'Phi3DecoderLayer' object has no attribute 'output'
2026-08-13 08:32:38,828 WARNING layer sweep cache failed on crows_84ef10c5: 'Phi3DecoderLayer' object has no attribute 'output'
2026-08-13 08:32:38,830 WARNING layer sweep cache failed on crows_86c5d323: 'Phi3DecoderLayer' object has no attribute 'output'
2026-08-13 08:32:38,833 WARNING layer sweep cache failed on crows_86c5d323: 'Phi3DecoderLayer' object has no attribute 'output'
2026-08-13 08:32:38,835 WARNING layer sweep cache failed on crows_86f6e3d4: 'Phi3DecoderLayer' object has no attribute 'output'
2026-08-13 08:32:38,837 WARNING layer sweep cache failed on crows_87f5dd1b: 'Phi3DecoderLayer' object has no attribute 'output'
2026-08-13 08:32:38,840 WARNING layer sweep cache failed on crows_87f5dd1b: 'Phi3DecoderLayer' object has no attribute 'output'
2026-08-13 08:32:38,842 WARNING layer sweep cache failed on crows_8d5e454d: 'Phi3DecoderLayer' object has no attribute 'output'
2026-08-13 08:32:38,844 WARNING layer sweep cache failed on crows_9214da6e: 'Phi3DecoderLayer' object has no attribute 'output'
2026-08-13 08:32:38,847 WARNING layer sweep cache failed on crows_9214da6e: 'Phi3DecoderLayer' object has no attribute 'output'
2026-08-13 08:32:38,849 WARNING layer sweep cache failed on crows_92182b8b: 'Phi3DecoderLayer' object has no attribute 'output'
2026-08-13 08:32:38,851 WARNING layer sweep cache failed on crows_97cb0ea5: 'Phi3DecoderLayer' object has no attribute 'output'
2026-08-13 08:32:38,854 WARNING layer sweep cache failed on crows_988e07fa: 'Phi3DecoderLayer' object has no attribute 'output'
2026-08-13 08:32:38,856 WARNING layer sweep cache failed on crows_988e07fa: 'Phi3DecoderLayer' object has no attribute 'output'
2026-08-13 08:32:38,858 WARNING layer sweep cache failed on crows_9a8046cc: 'Phi3DecoderLayer' object has no attribute 'output'
2026-08-13 08:32:38,860 WARNING layer sweep cache failed on crows_9a8046cc: 'Phi3DecoderLayer' object has no attribute 'output'
2026-08-13 08:32:38,863 WARNING layer sweep cache failed on crows_9f54d905: 'Phi3DecoderLayer' object has no attribute 'output'
2026-08-13 08:32:38,866 WARNING layer sweep cache failed on crows_a18c8ecd: 'Phi3DecoderLayer' object has no attribute 'output'
2026-08-13 08:32:38,868 WARNING layer sweep cache failed on crows_a2efadbc: 'Phi3DecoderLayer' object has no attribute 'output'
2026-08-13 08:32:38,870 WARNING layer sweep cache failed on crows_a2efadbc: 'Phi3DecoderLayer' object has no attribute 'output'
2026-08-13 08:32:38,872 WARNING layer sweep cache failed on crows_a2efadbc: 'Phi3DecoderLayer' object has no attribute 'output'
2026-08-13 08:32:38,875 WARNING layer sweep cache failed on crows_a2efadbc: 'Phi3DecoderLayer' object has no attribute 'output'
2026-08-13 08:32:38,877 WARNING layer sweep cache failed on crows_a2efadbc: 'Phi3DecoderLayer' object has no attribute 'output'
2026-08-13 08:32:38,880 WARNING layer sweep cache failed on crows_a3e1b649: 'Phi3DecoderLayer' object has no attribute 'output'
2026-08-13 08:32:38,882 WARNING layer sweep cache failed on crows_a3e1b649: 'Phi3DecoderLayer' object has no attribute 'output'
2026-08-13 08:32:38,885 WARNING layer sweep cache failed on crows_a3e1b649: 'Phi3DecoderLayer' object has no attribute 'output'
2026-08-13 08:32:38,888 WARNING layer sweep cache failed on crows_a3e1b649: 'Phi3DecoderLayer' object has no attribute 'output'
2026-08-13 08:32:38,890 WARNING layer sweep cache failed on crows_a514af1a: 'Phi3DecoderLayer' object has no attribute 'output'
2026-08-13 08:32:38,892 WARNING layer sweep cache failed on crows_a514af1a: 'Phi3DecoderLayer' object has no attribute 'output'
2026-08-13 08:32:38,894 WARNING layer sweep cache failed on crows_a514af1a: 'Phi3DecoderLayer' object has no attribute 'output'
2026-08-13 08:32:38,897 WARNING layer sweep cache failed on crows_a6d425d5: 'Phi3DecoderLayer' object has no attribute 'output'
2026-08-13 08:32:38,899 WARNING layer sweep cache failed on crows_a7136814: 'Phi3DecoderLayer' object has no attribute 'output'
2026-08-13 08:32:38,902 WARNING layer sweep cache failed on crows_a7136814: 'Phi3DecoderLayer' object has no attribute 'output'
2026-08-13 08:32:38,904 WARNING layer sweep cache failed on crows_a7136814: 'Phi3DecoderLayer' object has no attribute 'output'
2026-08-13 08:32:38,907 WARNING layer sweep cache failed on crows_aa86bae8: 'Phi3DecoderLayer' object has no attribute 'output'
2026-08-13 08:32:38,909 WARNING layer sweep cache failed on crows_aa9b02f0: 'Phi3DecoderLayer' object has no attribute 'output'
2026-08-13 08:32:38,912 WARNING layer sweep cache failed on crows_aa9b02f0: 'Phi3DecoderLayer' object has no attribute 'output'
2026-08-13 08:32:38,914 WARNING layer sweep cache failed on crows_aa9b02f0: 'Phi3DecoderLayer' object has no attribute 'output'
2026-08-13 08:32:38,916 WARNING layer sweep cache failed on crows_ac92b16e: 'Phi3DecoderLayer' object has no attribute 'output'
2026-08-13 08:32:38,919 WARNING layer sweep cache failed on crows_ac92b16e: 'Phi3DecoderLayer' object has no attribute 'output'
2026-08-13 08:32:38,921 WARNING layer sweep cache failed on crows_af074de0: 'Phi3DecoderLayer' object has no attribute 'output'
2026-08-13 08:32:38,923 WARNING layer sweep cache failed on crows_af074de0: 'Phi3DecoderLayer' object has no attribute 'output'
2026-08-13 08:32:38,926 WARNING layer sweep cache failed on crows_af2cdb98: 'Phi3DecoderLayer' object has no attribute 'output'
2026-08-13 08:32:38,928 WARNING layer sweep cache failed on crows_af6a8577: 'Phi3DecoderLayer' object has no attribute 'output'
2026-08-13 08:32:38,930 WARNING layer sweep cache failed on crows_b1861e81: 'Phi3DecoderLayer' object has no attribute 'output'
2026-08-13 08:32:38,933 WARNING layer sweep cache failed on crows_b1861e81: 'Phi3DecoderLayer' object has no attribute 'output'
2026-08-13 08:32:38,935 WARNING layer sweep cache failed on crows_b1861e81: 'Phi3DecoderLayer' object has no attribute 'output'
2026-08-13 08:32:38,938 WARNING layer sweep cache failed on crows_b1861e81: 'Phi3DecoderLayer' object has no attribute 'output'
2026-08-13 08:32:38,940 WARNING layer sweep cache failed on crows_b2067121: 'Phi3DecoderLayer' object has no attribute 'output'
2026-08-13 08:32:38,942 WARNING layer sweep cache failed on crows_b2067121: 'Phi3DecoderLayer' object has no attribute 'output'
2026-08-13 08:32:38,945 WARNING layer sweep cache failed on crows_b35ad5ea: 'Phi3DecoderLayer' object has no attribute 'output'
2026-08-13 08:32:38,947 WARNING layer sweep cache failed on crows_b54921be: 'Phi3DecoderLayer' object has no attribute 'output'
2026-08-13 08:32:38,949 WARNING layer sweep cache failed on crows_b54921be: 'Phi3DecoderLayer' object has no attribute 'output'
2026-08-13 08:32:38,953 WARNING layer sweep cache failed on crows_b6d48f8f: 'Phi3DecoderLayer' object has no attribute 'output'
2026-08-13 08:32:38,956 WARNING layer sweep cache failed on crows_b6d48f8f: 'Phi3DecoderLayer' object has no attribute 'output'
2026-08-13 08:32:38,958 WARNING layer sweep cache failed on crows_b6d48f8f: 'Phi3DecoderLayer' object has no attribute 'output'
2026-08-13 08:32:38,960 WARNING layer sweep cache failed on crows_b8717a6b: 'Phi3DecoderLayer' object has no attribute 'output'
2026-08-13 08:32:38,962 WARNING layer sweep cache failed on crows_b8717a6b: 'Phi3DecoderLayer' object has no attribute 'output'
2026-08-13 08:32:38,964 WARNING layer sweep cache failed on crows_bb125597: 'Phi3DecoderLayer' object has no attribute 'output'
2026-08-13 08:32:38,967 WARNING layer sweep cache failed on crows_bb125597: 'Phi3DecoderLayer' object has no attribute 'output'
2026-08-13 08:32:38,969 WARNING layer sweep cache failed on crows_bc8e6480: 'Phi3DecoderLayer' object has no attribute 'output'
2026-08-13 08:32:38,971 WARNING layer sweep cache failed on crows_bc8e6480: 'Phi3DecoderLayer' object has no attribute 'output'
2026-08-13 08:32:38,974 WARNING layer sweep cache failed on crows_bd83005d: 'Phi3DecoderLayer' object has no attribute 'output'
2026-08-13 08:32:38,976 WARNING layer sweep cache failed on crows_bd83005d: 'Phi3DecoderLayer' object has no attribute 'output'
2026-08-13 08:32:38,979 WARNING layer sweep cache failed on crows_bdacfcf3: 'Phi3DecoderLayer' object has no attribute 'output'
2026-08-13 08:32:38,982 WARNING layer sweep cache failed on crows_bdacfcf3: 'Phi3DecoderLayer' object has no attribute 'output'
2026-08-13 08:32:38,984 WARNING layer sweep cache failed on crows_bdacfcf3: 'Phi3DecoderLayer' object has no attribute 'output'
2026-08-13 08:32:38,987 WARNING layer sweep cache failed on crows_be506455: 'Phi3DecoderLayer' object has no attribute 'output'
2026-08-13 08:32:38,989 WARNING layer sweep cache failed on crows_be506455: 'Phi3DecoderLayer' object has no attribute 'output'
2026-08-13 08:32:38,992 WARNING layer sweep cache failed on crows_bee323d7: 'Phi3DecoderLayer' object has no attribute 'output'
2026-08-13 08:32:38,995 WARNING layer sweep cache failed on crows_bee323d7: 'Phi3DecoderLayer' object has no attribute 'output'
2026-08-13 08:32:38,998 WARNING layer sweep cache failed on crows_bee323d7: 'Phi3DecoderLayer' object has no attribute 'output'
2026-08-13 08:32:39,001 WARNING layer sweep cache failed on crows_bee323d7: 'Phi3DecoderLayer' object has no attribute 'output'
2026-08-13 08:32:39,004 WARNING layer sweep cache failed on crows_bee323d7: 'Phi3DecoderLayer' object has no attribute 'output'
2026-08-13 08:32:39,007 WARNING layer sweep cache failed on crows_bee323d7: 'Phi3DecoderLayer' object has no attribute 'output'
2026-08-13 08:32:39,009 WARNING layer sweep cache failed on crows_bee323d7: 'Phi3DecoderLayer' object has no attribute 'output'
2026-08-13 08:32:39,012 WARNING layer sweep cache failed on crows_c09aa46a: 'Phi3DecoderLayer' object has no attribute 'output'
2026-08-13 08:32:39,015 WARNING layer sweep cache failed on crows_c24a82b5: 'Phi3DecoderLayer' object has no attribute 'output'
2026-08-13 08:32:39,017 WARNING layer sweep cache failed on crows_c30cf8e9: 'Phi3DecoderLayer' object has no attribute 'output'
2026-08-13 08:32:39,019 WARNING layer sweep cache failed on crows_c4e484a1: 'Phi3DecoderLayer' object has no attribute 'output'
2026-08-13 08:32:39,022 WARNING layer sweep cache failed on crows_c4e484a1: 'Phi3DecoderLayer' object has no attribute 'output'
2026-08-13 08:32:39,024 WARNING layer sweep cache failed on crows_c4e484a1: 'Phi3DecoderLayer' object has no attribute 'output'
2026-08-13 08:32:39,027 WARNING layer sweep cache failed on crows_c619dfb1: 'Phi3DecoderLayer' object has no attribute 'output'
2026-08-13 08:32:39,029 WARNING layer sweep cache failed on crows_c673822b: 'Phi3DecoderLayer' object has no attribute 'output'
2026-08-13 08:32:39,032 WARNING layer sweep cache failed on crows_c673822b: 'Phi3DecoderLayer' object has no attribute 'output'
2026-08-13 08:32:39,035 WARNING layer sweep cache failed on crows_c6bcd1a0: 'Phi3DecoderLayer' object has no attribute 'output'
2026-08-13 08:32:39,037 WARNING layer sweep cache failed on crows_cd4fbcf8: 'Phi3DecoderLayer' object has no attribute 'output'
2026-08-13 08:32:39,039 WARNING layer sweep cache failed on crows_cd4fbcf8: 'Phi3DecoderLayer' object has no attribute 'output'
2026-08-13 08:32:39,042 WARNING layer sweep cache failed on crows_cd4fbcf8: 'Phi3DecoderLayer' object has no attribute 'output'
2026-08-13 08:32:39,044 WARNING layer sweep cache failed on crows_cd4fbcf8: 'Phi3DecoderLayer' object has no attribute 'output'
2026-08-13 08:32:39,046 WARNING layer sweep cache failed on crows_cfd9f39f: 'Phi3DecoderLayer' object has no attribute 'output'
2026-08-13 08:32:39,048 WARNING layer sweep cache failed on crows_d7d2cca0: 'Phi3DecoderLayer' object has no attribute 'output'
2026-08-13 08:32:39,051 WARNING layer sweep cache failed on crows_d7d2cca0: 'Phi3DecoderLayer' object has no attribute 'output'
2026-08-13 08:32:39,053 WARNING layer sweep cache failed on crows_d7d2cca0: 'Phi3DecoderLayer' object has no attribute 'output'
2026-08-13 08:32:39,056 WARNING layer sweep cache failed on crows_dbe76bbf: 'Phi3DecoderLayer' object has no attribute 'output'
2026-08-13 08:32:39,058 WARNING layer sweep cache failed on crows_dcf1054a: 'Phi3DecoderLayer' object has no attribute 'output'
2026-08-13 08:32:39,060 WARNING layer sweep cache failed on crows_dd483723: 'Phi3DecoderLayer' object has no attribute 'output'
2026-08-13 08:32:39,062 WARNING layer sweep cache failed on crows_dd483723: 'Phi3DecoderLayer' object has no attribute 'output'
2026-08-13 08:32:39,065 WARNING layer sweep cache failed on crows_de2481dd: 'Phi3DecoderLayer' object has no attribute 'output'
2026-08-13 08:32:39,067 WARNING layer sweep cache failed on crows_de2481dd: 'Phi3DecoderLayer' object has no attribute 'output'
2026-08-13 08:32:39,069 WARNING layer sweep cache failed on crows_de8adbc0: 'Phi3DecoderLayer' object has no attribute 'output'
2026-08-13 08:32:39,072 WARNING layer sweep cache failed on crows_df3f21cd: 'Phi3DecoderLayer' object has no attribute 'output'
2026-08-13 08:32:39,075 WARNING layer sweep cache failed on crows_df3f21cd: 'Phi3DecoderLayer' object has no attribute 'output'
2026-08-13 08:32:39,077 WARNING layer sweep cache failed on crows_df3f21cd: 'Phi3DecoderLayer' object has no attribute 'output'
2026-08-13 08:32:39,080 WARNING layer sweep cache failed on crows_df3f21cd: 'Phi3DecoderLayer' object has no attribute 'output'
2026-08-13 08:32:39,082 WARNING layer sweep cache failed on crows_df3f21cd: 'Phi3DecoderLayer' object has no attribute 'output'
2026-08-13 08:32:39,085 WARNING layer sweep cache failed on crows_df90a400: 'Phi3DecoderLayer' object has no attribute 'output'
2026-08-13 08:32:39,087 WARNING layer sweep cache failed on crows_e90fe6bc: 'Phi3DecoderLayer' object has no attribute 'output'
2026-08-13 08:32:39,089 WARNING layer sweep cache failed on crows_e90fe6bc: 'Phi3DecoderLayer' object has no attribute 'output'
2026-08-13 08:32:39,092 WARNING layer sweep cache failed on crows_e9f23eaf: 'Phi3DecoderLayer' object has no attribute 'output'
2026-08-13 08:32:39,094 WARNING layer sweep cache failed on crows_eb3dd690: 'Phi3DecoderLayer' object has no attribute 'output'
2026-08-13 08:32:39,096 WARNING layer sweep cache failed on crows_eb3dd690: 'Phi3DecoderLayer' object has no attribute 'output'
2026-08-13 08:32:39,098 WARNING layer sweep cache failed on crows_eb3dd690: 'Phi3DecoderLayer' object has no attribute 'output'
2026-08-13 08:32:39,101 WARNING layer sweep cache failed on crows_ebb4f7db: 'Phi3DecoderLayer' object has no attribute 'output'
2026-08-13 08:32:39,103 WARNING layer sweep cache failed on crows_ebb4f7db: 'Phi3DecoderLayer' object has no attribute 'output'
2026-08-13 08:32:39,106 WARNING layer sweep cache failed on crows_ecd2b972: 'Phi3DecoderLayer' object has no attribute 'output'
2026-08-13 08:32:39,108 WARNING layer sweep cache failed on crows_ed95d860: 'Phi3DecoderLayer' object has no attribute 'output'
2026-08-13 08:32:39,111 WARNING layer sweep cache failed on crows_ed95d860: 'Phi3DecoderLayer' object has no attribute 'output'
2026-08-13 08:32:39,113 WARNING layer sweep cache failed on crows_ed95d860: 'Phi3DecoderLayer' object has no attribute 'output'
2026-08-13 08:32:39,115 WARNING layer sweep cache failed on crows_edb8a8cc: 'Phi3DecoderLayer' object has no attribute 'output'
2026-08-13 08:32:39,118 WARNING layer sweep cache failed on crows_f03001c6: 'Phi3DecoderLayer' object has no attribute 'output'
2026-08-13 08:32:39,120 WARNING layer sweep cache failed on crows_f03001c6: 'Phi3DecoderLayer' object has no attribute 'output'
2026-08-13 08:32:39,122 WARNING layer sweep cache failed on crows_f03001c6: 'Phi3DecoderLayer' object has no attribute 'output'
2026-08-13 08:32:39,125 WARNING layer sweep cache failed on crows_f1739bdf: 'Phi3DecoderLayer' object has no attribute 'output'
2026-08-13 08:32:39,127 WARNING layer sweep cache failed on crows_f1739bdf: 'Phi3DecoderLayer' object has no attribute 'output'
2026-08-13 08:32:39,130 WARNING layer sweep cache failed on crows_f453b633: 'Phi3DecoderLayer' object has no attribute 'output'
2026-08-13 08:32:39,132 WARNING layer sweep cache failed on crows_f453b633: 'Phi3DecoderLayer' object has no attribute 'output'
2026-08-13 08:32:39,135 WARNING layer sweep cache failed on crows_fed10ede: 'Phi3DecoderLayer' object has no attribute 'output'
2026-08-13 08:32:39,137 WARNING layer sweep cache failed on crows_fed10ede: 'Phi3DecoderLayer' object has no attribute 'output'
2026-08-13 08:32:39,140 WARNING layer sweep cache failed on stereo_0252d67e: 'Phi3DecoderLayer' object has no attribute 'output'
2026-08-13 08:32:39,143 WARNING layer sweep cache failed on stereo_0252d67e: 'Phi3DecoderLayer' object has no attribute 'output'
2026-08-13 08:32:39,146 WARNING layer sweep cache failed on stereo_0252d67e: 'Phi3DecoderLayer' object has no attribute 'output'
2026-08-13 08:32:39,149 WARNING layer sweep cache failed on stereo_0252d67e: 'Phi3DecoderLayer' object has no attribute 'output'
2026-08-13 08:32:39,152 WARNING layer sweep cache failed on stereo_04a134d2: 'Phi3DecoderLayer' object has no attribute 'output'
2026-08-13 08:32:39,155 WARNING layer sweep cache failed on stereo_04bb7841: 'Phi3DecoderLayer' object has no attribute 'output'
2026-08-13 08:32:39,157 WARNING layer sweep cache failed on stereo_04bb7841: 'Phi3DecoderLayer' object has no attribute 'output'
2026-08-13 08:32:39,159 WARNING layer sweep cache failed on stereo_04bb7841: 'Phi3DecoderLayer' object has no attribute 'output'
2026-08-13 08:32:39,162 WARNING layer sweep cache failed on stereo_04bb7841: 'Phi3DecoderLayer' object has no attribute 'output'
2026-08-13 08:32:39,165 WARNING layer sweep cache failed on stereo_05c44323: 'Phi3DecoderLayer' object has no attribute 'output'
2026-08-13 08:32:39,168 WARNING layer sweep cache failed on stereo_05c44323: 'Phi3DecoderLayer' object has no attribute 'output'
2026-08-13 08:32:39,171 WARNING layer sweep cache failed on stereo_05c44323: 'Phi3DecoderLayer' object has no attribute 'output'
2026-08-13 08:32:39,175 WARNING layer sweep cache failed on stereo_05c44323: 'Phi3DecoderLayer' object has no attribute 'output'
2026-08-13 08:32:39,177 WARNING layer sweep cache failed on stereo_061b749a: 'Phi3DecoderLayer' object has no attribute 'output'
2026-08-13 08:32:39,180 WARNING layer sweep cache failed on stereo_06330916: 'Phi3DecoderLayer' object has no attribute 'output'
2026-08-13 08:32:39,182 WARNING layer sweep cache failed on stereo_06330916: 'Phi3DecoderLayer' object has no attribute 'output'
2026-08-13 08:32:39,185 WARNING layer sweep cache failed on stereo_06330916: 'Phi3DecoderLayer' object has no attribute 'output'
2026-08-13 08:32:39,187 WARNING layer sweep cache failed on stereo_06330916: 'Phi3DecoderLayer' object has no attribute 'output'
2026-08-13 08:32:39,190 WARNING layer sweep cache failed on stereo_06fb8082: 'Phi3DecoderLayer' object has no attribute 'output'
2026-08-13 08:32:39,193 WARNING layer sweep cache failed on stereo_06fb8082: 'Phi3DecoderLayer' object has no attribute 'output'
2026-08-13 08:32:39,195 WARNING layer sweep cache failed on stereo_07ec5ed2: 'Phi3DecoderLayer' object has no attribute 'output'
2026-08-13 08:32:39,198 WARNING layer sweep cache failed on stereo_07ec5ed2: 'Phi3DecoderLayer' object has no attribute 'output'
2026-08-13 08:32:39,200 WARNING layer sweep cache failed on stereo_07ec5ed2: 'Phi3DecoderLayer' object has no attribute 'output'
2026-08-13 08:32:39,203 WARNING layer sweep cache failed on stereo_08f07a2b: 'Phi3DecoderLayer' object has no attribute 'output'
2026-08-13 08:32:39,206 WARNING layer sweep cache failed on stereo_08f07a2b: 'Phi3DecoderLayer' object has no attribute 'output'
2026-08-13 08:32:39,208 WARNING layer sweep cache failed on stereo_0a2ebeea: 'Phi3DecoderLayer' object has no attribute 'output'
2026-08-13 08:32:39,210 WARNING layer sweep cache failed on stereo_0a2ebeea: 'Phi3DecoderLayer' object has no attribute 'output'
2026-08-13 08:32:39,213 WARNING layer sweep cache failed on stereo_0a2ebeea: 'Phi3DecoderLayer' object has no attribute 'output'
2026-08-13 08:32:39,215 WARNING layer sweep cache failed on stereo_0a2ebeea: 'Phi3DecoderLayer' object has no attribute 'output'
2026-08-13 08:32:39,217 WARNING layer sweep cache failed on stereo_0a2ebeea: 'Phi3DecoderLayer' object has no attribute 'output'
2026-08-13 08:32:39,219 WARNING layer sweep cache failed on stereo_0a2ebeea: 'Phi3DecoderLayer' object has no attribute 'output'
2026-08-13 08:32:39,222 WARNING layer sweep cache failed on stereo_0ae68b49: 'Phi3DecoderLayer' object has no attribute 'output'
2026-08-13 08:32:39,224 WARNING layer sweep cache failed on stereo_0ae68b49: 'Phi3DecoderLayer' object has no attribute 'output'
2026-08-13 08:32:39,227 WARNING layer sweep cache failed on stereo_0ae68b49: 'Phi3DecoderLayer' object has no attribute 'output'
2026-08-13 08:32:39,229 WARNING layer sweep cache failed on stereo_0da1c2d4: 'Phi3DecoderLayer' object has no attribute 'output'
2026-08-13 08:32:39,231 WARNING layer sweep cache failed on stereo_0da1c2d4: 'Phi3DecoderLayer' object has no attribute 'output'
2026-08-13 08:32:39,234 WARNING layer sweep cache failed on stereo_0e2fe415: 'Phi3DecoderLayer' object has no attribute 'output'
2026-08-13 08:32:39,236 WARNING layer sweep cache failed on stereo_0e2fe415: 'Phi3DecoderLayer' object has no attribute 'output'
2026-08-13 08:32:39,239 WARNING layer sweep cache failed on stereo_0e2fe415: 'Phi3DecoderLayer' object has no attribute 'output'
2026-08-13 08:32:39,241 WARNING layer sweep cache failed on stereo_11772005: 'Phi3DecoderLayer' object has no attribute 'output'
2026-08-13 08:32:39,244 WARNING layer sweep cache failed on stereo_11a33088: 'Phi3DecoderLayer' object has no attribute 'output'
2026-08-13 08:32:39,246 WARNING layer sweep cache failed on stereo_11a33088: 'Phi3DecoderLayer' object has no attribute 'output'
2026-08-13 08:32:39,249 WARNING layer sweep cache failed on stereo_125326f6: 'Phi3DecoderLayer' object has no attribute 'output'
2026-08-13 08:32:39,251 WARNING layer sweep cache failed on stereo_199c7788: 'Phi3DecoderLayer' object has no attribute 'output'
2026-08-13 08:32:39,254 WARNING layer sweep cache failed on stereo_199c7788: 'Phi3DecoderLayer' object has no attribute 'output'
2026-08-13 08:32:39,256 WARNING layer sweep cache failed on stereo_199c7788: 'Phi3DecoderLayer' object has no attribute 'output'
2026-08-13 08:32:39,259 WARNING layer sweep cache failed on stereo_1bfed305: 'Phi3DecoderLayer' object has no attribute 'output'
2026-08-13 08:32:39,262 WARNING layer sweep cache failed on stereo_1bfed305: 'Phi3DecoderLayer' object has no attribute 'output'
2026-08-13 08:32:39,265 WARNING layer sweep cache failed on stereo_1bfed305: 'Phi3DecoderLayer' object has no attribute 'output'
2026-08-13 08:32:39,268 WARNING layer sweep cache failed on stereo_1c2e7ac1: 'Phi3DecoderLayer' object has no attribute 'output'
2026-08-13 08:32:39,270 WARNING layer sweep cache failed on stereo_1c2e7ac1: 'Phi3DecoderLayer' object has no attribute 'output'
2026-08-13 08:32:39,273 WARNING layer sweep cache failed on stereo_1c2e7ac1: 'Phi3DecoderLayer' object has no attribute 'output'
2026-08-13 08:32:39,276 WARNING layer sweep cache failed on stereo_1d1478b4: 'Phi3DecoderLayer' object has no attribute 'output'
2026-08-13 08:32:39,279 WARNING layer sweep cache failed on stereo_1d1478b4: 'Phi3DecoderLayer' object has no attribute 'output'
2026-08-13 08:32:39,282 WARNING layer sweep cache failed on stereo_1d93c448: 'Phi3DecoderLayer' object has no attribute 'output'
2026-08-13 08:32:39,285 WARNING layer sweep cache failed on stereo_1d93c448: 'Phi3DecoderLayer' object has no attribute 'output'
2026-08-13 08:32:39,287 WARNING layer sweep cache failed on stereo_20acf14b: 'Phi3DecoderLayer' object has no attribute 'output'
2026-08-13 08:32:39,289 WARNING layer sweep cache failed on stereo_210f1bae: 'Phi3DecoderLayer' object has no attribute 'output'
2026-08-13 08:32:39,292 WARNING layer sweep cache failed on stereo_210f1bae: 'Phi3DecoderLayer' object has no attribute 'output'
2026-08-13 08:32:39,294 WARNING layer sweep cache failed on stereo_210f1bae: 'Phi3DecoderLayer' object has no attribute 'output'
2026-08-13 08:32:39,297 WARNING layer sweep cache failed on stereo_2416b3b7: 'Phi3DecoderLayer' object has no attribute 'output'
2026-08-13 08:32:39,299 WARNING layer sweep cache failed on stereo_246bf629: 'Phi3DecoderLayer' object has no attribute 'output'
2026-08-13 08:32:39,301 WARNING layer sweep cache failed on stereo_246bf629: 'Phi3DecoderLayer' object has no attribute 'output'
2026-08-13 08:32:39,304 WARNING layer sweep cache failed on stereo_246bf629: 'Phi3DecoderLayer' object has no attribute 'output'
2026-08-13 08:32:39,307 WARNING layer sweep cache failed on stereo_2a10eafd: 'Phi3DecoderLayer' object has no attribute 'output'
2026-08-13 08:32:39,310 WARNING layer sweep cache failed on stereo_2a10eafd: 'Phi3DecoderLayer' object has no attribute 'output'
2026-08-13 08:32:39,312 WARNING layer sweep cache failed on stereo_2a80b0aa: 'Phi3DecoderLayer' object has no attribute 'output'
2026-08-13 08:32:39,314 WARNING layer sweep cache failed on stereo_2ad6c488: 'Phi3DecoderLayer' object has no attribute 'output'
2026-08-13 08:32:39,317 WARNING layer sweep cache failed on stereo_2ad6c488: 'Phi3DecoderLayer' object has no attribute 'output'
2026-08-13 08:32:39,319 WARNING layer sweep cache failed on stereo_2ad6c488: 'Phi3DecoderLayer' object has no attribute 'output'
2026-08-13 08:32:39,322 WARNING layer sweep cache failed on stereo_2c687891: 'Phi3DecoderLayer' object has no attribute 'output'
2026-08-13 08:32:39,324 WARNING layer sweep cache failed on stereo_2c687891: 'Phi3DecoderLayer' object has no attribute 'output'
2026-08-13 08:32:39,327 WARNING layer sweep cache failed on stereo_2ce97677: 'Phi3DecoderLayer' object has no attribute 'output'
2026-08-13 08:32:39,330 WARNING layer sweep cache failed on stereo_2f012359: 'Phi3DecoderLayer' object has no attribute 'output'
2026-08-13 08:32:39,332 WARNING layer sweep cache failed on stereo_2f012359: 'Phi3DecoderLayer' object has no attribute 'output'
2026-08-13 08:32:39,335 WARNING layer sweep cache failed on stereo_2f012359: 'Phi3DecoderLayer' object has no attribute 'output'
2026-08-13 08:32:39,338 WARNING layer sweep cache failed on stereo_2f012359: 'Phi3DecoderLayer' object has no attribute 'output'
2026-08-13 08:32:39,340 WARNING layer sweep cache failed on stereo_2f4bb948: 'Phi3DecoderLayer' object has no attribute 'output'
2026-08-13 08:32:39,343 WARNING layer sweep cache failed on stereo_30f44448: 'Phi3DecoderLayer' object has no attribute 'output'
2026-08-13 08:32:39,345 WARNING layer sweep cache failed on stereo_30f44448: 'Phi3DecoderLayer' object has no attribute 'output'
2026-08-13 08:32:39,348 WARNING layer sweep cache failed on stereo_30f44448: 'Phi3DecoderLayer' object has no attribute 'output'
2026-08-13 08:32:39,350 WARNING layer sweep cache failed on stereo_30f44448: 'Phi3DecoderLayer' object has no attribute 'output'
2026-08-13 08:32:39,353 WARNING layer sweep cache failed on stereo_30f44448: 'Phi3DecoderLayer' object has no attribute 'output'
2026-08-13 08:32:39,355 WARNING layer sweep cache failed on stereo_30f44448: 'Phi3DecoderLayer' object has no attribute 'output'
2026-08-13 08:32:39,358 WARNING layer sweep cache failed on stereo_30f44448: 'Phi3DecoderLayer' object has no attribute 'output'
2026-08-13 08:32:39,361 WARNING layer sweep cache failed on stereo_311c84ca: 'Phi3DecoderLayer' object has no attribute 'output'
2026-08-13 08:32:39,363 WARNING layer sweep cache failed on stereo_311c84ca: 'Phi3DecoderLayer' object has no attribute 'output'
2026-08-13 08:32:39,366 WARNING layer sweep cache failed on stereo_311c84ca: 'Phi3DecoderLayer' object has no attribute 'output'
2026-08-13 08:32:39,368 WARNING layer sweep cache failed on stereo_31321162: 'Phi3DecoderLayer' object has no attribute 'output'
2026-08-13 08:32:39,371 WARNING layer sweep cache failed on stereo_31321162: 'Phi3DecoderLayer' object has no attribute 'output'
2026-08-13 08:32:39,373 WARNING layer sweep cache failed on stereo_31321162: 'Phi3DecoderLayer' object has no attribute 'output'
2026-08-13 08:32:39,375 WARNING layer sweep cache failed on stereo_332c2032: 'Phi3DecoderLayer' object has no attribute 'output'
2026-08-13 08:32:39,377 WARNING layer sweep cache failed on stereo_332c2032: 'Phi3DecoderLayer' object has no attribute 'output'
2026-08-13 08:32:39,380 WARNING layer sweep cache failed on stereo_36b23433: 'Phi3DecoderLayer' object has no attribute 'output'
2026-08-13 08:32:39,382 WARNING layer sweep cache failed on stereo_39dc03b5: 'Phi3DecoderLayer' object has no attribute 'output'
2026-08-13 08:32:39,385 WARNING layer sweep cache failed on stereo_3c00beb4: 'Phi3DecoderLayer' object has no attribute 'output'
2026-08-13 08:32:39,387 WARNING layer sweep cache failed on stereo_3c00beb4: 'Phi3DecoderLayer' object has no attribute 'output'
2026-08-13 08:32:39,390 WARNING layer sweep cache failed on stereo_402300c3: 'Phi3DecoderLayer' object has no attribute 'output'
2026-08-13 08:32:39,392 WARNING layer sweep cache failed on stereo_403a22a9: 'Phi3DecoderLayer' object has no attribute 'output'
2026-08-13 08:32:39,395 WARNING layer sweep cache failed on stereo_403a22a9: 'Phi3DecoderLayer' object has no attribute 'output'
2026-08-13 08:32:39,397 WARNING layer sweep cache failed on stereo_403a22a9: 'Phi3DecoderLayer' object has no attribute 'output'
2026-08-13 08:32:39,400 WARNING layer sweep cache failed on stereo_43951dfd: 'Phi3DecoderLayer' object has no attribute 'output'
2026-08-13 08:32:39,402 WARNING layer sweep cache failed on stereo_43951dfd: 'Phi3DecoderLayer' object has no attribute 'output'
2026-08-13 08:32:39,405 WARNING layer sweep cache failed on stereo_44bfeb32: 'Phi3DecoderLayer' object has no attribute 'output'
2026-08-13 08:32:39,408 WARNING layer sweep cache failed on stereo_44bfeb32: 'Phi3DecoderLayer' object has no attribute 'output'
2026-08-13 08:32:39,410 WARNING layer sweep cache failed on stereo_44bfeb32: 'Phi3DecoderLayer' object has no attribute 'output'
2026-08-13 08:32:39,413 WARNING layer sweep cache failed on stereo_44bfeb32: 'Phi3DecoderLayer' object has no attribute 'output'
2026-08-13 08:32:39,416 WARNING layer sweep cache failed on stereo_44bfeb32: 'Phi3DecoderLayer' object has no attribute 'output'
2026-08-13 08:32:39,418 WARNING layer sweep cache failed on stereo_47f602af: 'Phi3DecoderLayer' object has no attribute 'output'
2026-08-13 08:32:39,421 WARNING layer sweep cache failed on stereo_48d2a36d: 'Phi3DecoderLayer' object has no attribute 'output'
2026-08-13 08:32:39,424 WARNING layer sweep cache failed on stereo_48d2a36d: 'Phi3DecoderLayer' object has no attribute 'output'
2026-08-13 08:32:39,427 WARNING layer sweep cache failed on stereo_48d2a36d: 'Phi3DecoderLayer' object has no attribute 'output'
2026-08-13 08:32:39,429 WARNING layer sweep cache failed on stereo_49de45d1: 'Phi3DecoderLayer' object has no attribute 'output'
2026-08-13 08:32:39,432 WARNING layer sweep cache failed on stereo_49de45d1: 'Phi3DecoderLayer' object has no attribute 'output'
2026-08-13 08:32:39,435 WARNING layer sweep cache failed on stereo_4a5a4836: 'Phi3DecoderLayer' object has no attribute 'output'
2026-08-13 08:32:39,438 WARNING layer sweep cache failed on stereo_4a5a4836: 'Phi3DecoderLayer' object has no attribute 'output'
2026-08-13 08:32:39,441 WARNING layer sweep cache failed on stereo_4a5a4836: 'Phi3DecoderLayer' object has no attribute 'output'
2026-08-13 08:32:39,444 WARNING layer sweep cache failed on stereo_4a5a4836: 'Phi3DecoderLayer' object has no attribute 'output'
2026-08-13 08:32:39,447 WARNING layer sweep cache failed on stereo_4a5a4836: 'Phi3DecoderLayer' object has no attribute 'output'
2026-08-13 08:32:39,449 WARNING layer sweep cache failed on stereo_4a8aa367: 'Phi3DecoderLayer' object has no attribute 'output'
2026-08-13 08:32:39,452 WARNING layer sweep cache failed on stereo_4a9d42ad: 'Phi3DecoderLayer' object has no attribute 'output'
2026-08-13 08:32:39,454 WARNING layer sweep cache failed on stereo_4a9d42ad: 'Phi3DecoderLayer' object has no attribute 'output'
2026-08-13 08:32:39,457 WARNING layer sweep cache failed on stereo_4a9d42ad: 'Phi3DecoderLayer' object has no attribute 'output'
2026-08-13 08:32:39,459 WARNING layer sweep cache failed on stereo_4e6b168c: 'Phi3DecoderLayer' object has no attribute 'output'
2026-08-13 08:32:39,462 WARNING layer sweep cache failed on stereo_4e6b168c: 'Phi3DecoderLayer' object has no attribute 'output'
2026-08-13 08:32:39,464 WARNING layer sweep cache failed on stereo_4e7a9b03: 'Phi3DecoderLayer' object has no attribute 'output'
2026-08-13 08:32:39,467 WARNING layer sweep cache failed on stereo_4e7a9b03: 'Phi3DecoderLayer' object has no attribute 'output'
2026-08-13 08:32:39,469 WARNING layer sweep cache failed on stereo_4fadfbac: 'Phi3DecoderLayer' object has no attribute 'output'
2026-08-13 08:32:39,471 WARNING layer sweep cache failed on stereo_501a5d24: 'Phi3DecoderLayer' object has no attribute 'output'
2026-08-13 08:32:39,473 WARNING layer sweep cache failed on stereo_501a5d24: 'Phi3DecoderLayer' object has no attribute 'output'
2026-08-13 08:32:39,476 WARNING layer sweep cache failed on stereo_503ec9c8: 'Phi3DecoderLayer' object has no attribute 'output'
2026-08-13 08:32:39,479 WARNING layer sweep cache failed on stereo_503ec9c8: 'Phi3DecoderLayer' object has no attribute 'output'
2026-08-13 08:32:39,482 WARNING layer sweep cache failed on stereo_503ec9c8: 'Phi3DecoderLayer' object has no attribute 'output'
2026-08-13 08:32:39,485 WARNING layer sweep cache failed on stereo_503ec9c8: 'Phi3DecoderLayer' object has no attribute 'output'
2026-08-13 08:32:39,487 WARNING layer sweep cache failed on stereo_55adaef4: 'Phi3DecoderLayer' object has no attribute 'output'
2026-08-13 08:32:39,490 WARNING layer sweep cache failed on stereo_55adaef4: 'Phi3DecoderLayer' object has no attribute 'output'
2026-08-13 08:32:39,492 WARNING layer sweep cache failed on stereo_56249790: 'Phi3DecoderLayer' object has no attribute 'output'
2026-08-13 08:32:39,494 WARNING layer sweep cache failed on stereo_56249790: 'Phi3DecoderLayer' object has no attribute 'output'
2026-08-13 08:32:39,496 WARNING layer sweep cache failed on stereo_56249790: 'Phi3DecoderLayer' object has no attribute 'output'
2026-08-13 08:32:39,499 WARNING layer sweep cache failed on stereo_56249790: 'Phi3DecoderLayer' object has no attribute 'output'
2026-08-13 08:32:39,501 WARNING layer sweep cache failed on stereo_56249790: 'Phi3DecoderLayer' object has no attribute 'output'
2026-08-13 08:32:39,503 WARNING layer sweep cache failed on stereo_56249790: 'Phi3DecoderLayer' object has no attribute 'output'
2026-08-13 08:32:39,506 WARNING layer sweep cache failed on stereo_5c2a7f92: 'Phi3DecoderLayer' object has no attribute 'output'
2026-08-13 08:32:39,508 WARNING layer sweep cache failed on stereo_5f6b432c: 'Phi3DecoderLayer' object has no attribute 'output'
2026-08-13 08:32:39,510 WARNING layer sweep cache failed on stereo_5f82277a: 'Phi3DecoderLayer' object has no attribute 'output'
2026-08-13 08:32:39,513 WARNING layer sweep cache failed on stereo_60a3eb76: 'Phi3DecoderLayer' object has no attribute 'output'
2026-08-13 08:32:39,516 WARNING layer sweep cache failed on stereo_63f0de8b: 'Phi3DecoderLayer' object has no attribute 'output'
2026-08-13 08:32:39,519 WARNING layer sweep cache failed on stereo_66df5a79: 'Phi3DecoderLayer' object has no attribute 'output'
2026-08-13 08:32:39,521 WARNING layer sweep cache failed on stereo_6a3ee0e9: 'Phi3DecoderLayer' object has no attribute 'output'
2026-08-13 08:32:39,524 WARNING layer sweep cache failed on stereo_6a3ee0e9: 'Phi3DecoderLayer' object has no attribute 'output'
2026-08-13 08:32:39,526 WARNING layer sweep cache failed on stereo_6a3ee0e9: 'Phi3DecoderLayer' object has no attribute 'output'
2026-08-13 08:32:39,529 WARNING layer sweep cache failed on stereo_6ae73d1b: 'Phi3DecoderLayer' object has no attribute 'output'
2026-08-13 08:32:39,532 WARNING layer sweep cache failed on stereo_6cec2b7d: 'Phi3DecoderLayer' object has no attribute 'output'
2026-08-13 08:32:39,534 WARNING layer sweep cache failed on stereo_6e03ba2c: 'Phi3DecoderLayer' object has no attribute 'output'
2026-08-13 08:32:39,536 WARNING layer sweep cache failed on stereo_6e7d911d: 'Phi3DecoderLayer' object has no attribute 'output'
2026-08-13 08:32:39,539 WARNING layer sweep cache failed on stereo_6e7d911d: 'Phi3DecoderLayer' object has no attribute 'output'
2026-08-13 08:32:39,542 WARNING layer sweep cache failed on stereo_739fd69f: 'Phi3DecoderLayer' object has no attribute 'output'
2026-08-13 08:32:39,544 WARNING layer sweep cache failed on stereo_7413f429: 'Phi3DecoderLayer' object has no attribute 'output'
2026-08-13 08:32:39,547 WARNING layer sweep cache failed on stereo_74d43971: 'Phi3DecoderLayer' object has no attribute 'output'
2026-08-13 08:32:39,550 WARNING layer sweep cache failed on stereo_74d43971: 'Phi3DecoderLayer' object has no attribute 'output'
2026-08-13 08:32:39,553 WARNING layer sweep cache failed on stereo_7665d063: 'Phi3DecoderLayer' object has no attribute 'output'
2026-08-13 08:32:39,555 WARNING layer sweep cache failed on stereo_7665d063: 'Phi3DecoderLayer' object has no attribute 'output'
2026-08-13 08:32:39,558 WARNING layer sweep cache failed on stereo_766dc7a8: 'Phi3DecoderLayer' object has no attribute 'output'
2026-08-13 08:32:39,560 WARNING layer sweep cache failed on stereo_7a1df8e0: 'Phi3DecoderLayer' object has no attribute 'output'
2026-08-13 08:32:39,562 WARNING layer sweep cache failed on stereo_7a1df8e0: 'Phi3DecoderLayer' object has no attribute 'output'
2026-08-13 08:32:39,565 WARNING layer sweep cache failed on stereo_7a1df8e0: 'Phi3DecoderLayer' object has no attribute 'output'
2026-08-13 08:32:39,567 WARNING layer sweep cache failed on stereo_7a8f2352: 'Phi3DecoderLayer' object has no attribute 'output'
2026-08-13 08:32:39,569 WARNING layer sweep cache failed on stereo_7a8f2352: 'Phi3DecoderLayer' object has no attribute 'output'
2026-08-13 08:32:39,572 WARNING layer sweep cache failed on stereo_7aa46999: 'Phi3DecoderLayer' object has no attribute 'output'
2026-08-13 08:32:39,574 WARNING layer sweep cache failed on stereo_7aa46999: 'Phi3DecoderLayer' object has no attribute 'output'
2026-08-13 08:32:39,577 WARNING layer sweep cache failed on stereo_7b437cdf: 'Phi3DecoderLayer' object has no attribute 'output'
2026-08-13 08:32:39,579 WARNING layer sweep cache failed on stereo_7b437cdf: 'Phi3DecoderLayer' object has no attribute 'output'
2026-08-13 08:32:39,581 WARNING layer sweep cache failed on stereo_7b437cdf: 'Phi3DecoderLayer' object has no attribute 'output'
2026-08-13 08:32:39,584 WARNING layer sweep cache failed on stereo_7b66cbe9: 'Phi3DecoderLayer' object has no attribute 'output'
2026-08-13 08:32:39,587 WARNING layer sweep cache failed on stereo_7b66cbe9: 'Phi3DecoderLayer' object has no attribute 'output'
2026-08-13 08:32:39,590 WARNING layer sweep cache failed on stereo_7b66cbe9: 'Phi3DecoderLayer' object has no attribute 'output'
2026-08-13 08:32:39,593 WARNING layer sweep cache failed on stereo_7b7cddca: 'Phi3DecoderLayer' object has no attribute 'output'
2026-08-13 08:32:39,595 WARNING layer sweep cache failed on stereo_7c8efbdb: 'Phi3DecoderLayer' object has no attribute 'output'
2026-08-13 08:32:39,597 WARNING layer sweep cache failed on stereo_7c8efbdb: 'Phi3DecoderLayer' object has no attribute 'output'
2026-08-13 08:32:39,600 WARNING layer sweep cache failed on stereo_7c8efbdb: 'Phi3DecoderLayer' object has no attribute 'output'
2026-08-13 08:32:39,602 WARNING layer sweep cache failed on stereo_7d9adab9: 'Phi3DecoderLayer' object has no attribute 'output'
2026-08-13 08:32:39,605 WARNING layer sweep cache failed on stereo_7d9adab9: 'Phi3DecoderLayer' object has no attribute 'output'
2026-08-13 08:32:39,607 WARNING layer sweep cache failed on stereo_7d9adab9: 'Phi3DecoderLayer' object has no attribute 'output'
2026-08-13 08:32:39,610 WARNING layer sweep cache failed on stereo_7d9adab9: 'Phi3DecoderLayer' object has no attribute 'output'
2026-08-13 08:32:39,612 WARNING layer sweep cache failed on stereo_7d9adab9: 'Phi3DecoderLayer' object has no attribute 'output'
2026-08-13 08:32:39,615 WARNING layer sweep cache failed on stereo_7db9d676: 'Phi3DecoderLayer' object has no attribute 'output'
2026-08-13 08:32:39,617 WARNING layer sweep cache failed on stereo_7e78661f: 'Phi3DecoderLayer' object has no attribute 'output'
2026-08-13 08:32:39,619 WARNING layer sweep cache failed on stereo_7e9d66fe: 'Phi3DecoderLayer' object has no attribute 'output'
2026-08-13 08:32:39,622 WARNING layer sweep cache failed on stereo_7e9d66fe: 'Phi3DecoderLayer' object has no attribute 'output'
2026-08-13 08:32:39,625 WARNING layer sweep cache failed on stereo_7e9d66fe: 'Phi3DecoderLayer' object has no attribute 'output'
2026-08-13 08:32:39,627 WARNING layer sweep cache failed on stereo_7f348df5: 'Phi3DecoderLayer' object has no attribute 'output'
2026-08-13 08:32:39,629 WARNING layer sweep cache failed on stereo_80135259: 'Phi3DecoderLayer' object has no attribute 'output'
2026-08-13 08:32:39,631 WARNING layer sweep cache failed on stereo_80135259: 'Phi3DecoderLayer' object has no attribute 'output'
2026-08-13 08:32:39,634 WARNING layer sweep cache failed on stereo_80135259: 'Phi3DecoderLayer' object has no attribute 'output'
2026-08-13 08:32:39,636 WARNING layer sweep cache failed on stereo_80135259: 'Phi3DecoderLayer' object has no attribute 'output'
2026-08-13 08:32:39,639 WARNING layer sweep cache failed on stereo_82ce68f5: 'Phi3DecoderLayer' object has no attribute 'output'
2026-08-13 08:32:39,641 WARNING layer sweep cache failed on stereo_82ce68f5: 'Phi3DecoderLayer' object has no attribute 'output'
2026-08-13 08:32:39,644 WARNING layer sweep cache failed on stereo_82ce68f5: 'Phi3DecoderLayer' object has no attribute 'output'
2026-08-13 08:32:39,647 WARNING layer sweep cache failed on stereo_82ce68f5: 'Phi3DecoderLayer' object has no attribute 'output'
2026-08-13 08:32:39,649 WARNING layer sweep cache failed on stereo_84bcedac: 'Phi3DecoderLayer' object has no attribute 'output'
2026-08-13 08:32:39,651 WARNING layer sweep cache failed on stereo_84bcedac: 'Phi3DecoderLayer' object has no attribute 'output'
2026-08-13 08:32:39,654 WARNING layer sweep cache failed on stereo_84bcedac: 'Phi3DecoderLayer' object has no attribute 'output'
2026-08-13 08:32:39,656 WARNING layer sweep cache failed on stereo_859c9ce9: 'Phi3DecoderLayer' object has no attribute 'output'
2026-08-13 08:32:39,659 WARNING layer sweep cache failed on stereo_859c9ce9: 'Phi3DecoderLayer' object has no attribute 'output'
2026-08-13 08:32:39,662 WARNING layer sweep cache failed on stereo_859c9ce9: 'Phi3DecoderLayer' object has no attribute 'output'
2026-08-13 08:32:39,664 WARNING layer sweep cache failed on stereo_85f59cf8: 'Phi3DecoderLayer' object has no attribute 'output'
2026-08-13 08:32:39,667 WARNING layer sweep cache failed on stereo_85f59cf8: 'Phi3DecoderLayer' object has no attribute 'output'
2026-08-13 08:32:39,670 WARNING layer sweep cache failed on stereo_85f59cf8: 'Phi3DecoderLayer' object has no attribute 'output'
2026-08-13 08:32:39,673 WARNING layer sweep cache failed on stereo_889419f6: 'Phi3DecoderLayer' object has no attribute 'output'
2026-08-13 08:32:39,675 WARNING layer sweep cache failed on stereo_889419f6: 'Phi3DecoderLayer' object has no attribute 'output'
2026-08-13 08:32:39,678 WARNING layer sweep cache failed on stereo_889419f6: 'Phi3DecoderLayer' object has no attribute 'output'
2026-08-13 08:32:39,680 WARNING layer sweep cache failed on stereo_8981b918: 'Phi3DecoderLayer' object has no attribute 'output'
2026-08-13 08:32:39,683 WARNING layer sweep cache failed on stereo_8981b918: 'Phi3DecoderLayer' object has no attribute 'output'
2026-08-13 08:32:39,685 WARNING layer sweep cache failed on stereo_8ac4ff95: 'Phi3DecoderLayer' object has no attribute 'output'
2026-08-13 08:32:39,687 WARNING layer sweep cache failed on stereo_8ac4ff95: 'Phi3DecoderLayer' object has no attribute 'output'
2026-08-13 08:32:39,689 WARNING layer sweep cache failed on stereo_8ac4ff95: 'Phi3DecoderLayer' object has no attribute 'output'
2026-08-13 08:32:39,692 WARNING layer sweep cache failed on stereo_8c19afb1: 'Phi3DecoderLayer' object has no attribute 'output'
2026-08-13 08:32:39,694 WARNING layer sweep cache failed on stereo_8c19afb1: 'Phi3DecoderLayer' object has no attribute 'output'
2026-08-13 08:32:39,697 WARNING layer sweep cache failed on stereo_8c19afb1: 'Phi3DecoderLayer' object has no attribute 'output'
2026-08-13 08:32:39,699 WARNING layer sweep cache failed on stereo_8efc9d07: 'Phi3DecoderLayer' object has no attribute 'output'
2026-08-13 08:32:39,702 WARNING layer sweep cache failed on stereo_8efc9d07: 'Phi3DecoderLayer' object has no attribute 'output'
2026-08-13 08:32:39,705 WARNING layer sweep cache failed on stereo_8efc9d07: 'Phi3DecoderLayer' object has no attribute 'output'
2026-08-13 08:32:39,708 WARNING layer sweep cache failed on stereo_8efc9d07: 'Phi3DecoderLayer' object has no attribute 'output'
2026-08-13 08:32:39,710 WARNING layer sweep cache failed on stereo_8ff2fdd0: 'Phi3DecoderLayer' object has no attribute 'output'
2026-08-13 08:32:39,712 WARNING layer sweep cache failed on stereo_8ff2fdd0: 'Phi3DecoderLayer' object has no attribute 'output'
2026-08-13 08:32:39,715 WARNING layer sweep cache failed on stereo_94925ed2: 'Phi3DecoderLayer' object has no attribute 'output'
2026-08-13 08:32:39,718 WARNING layer sweep cache failed on stereo_962bc336: 'Phi3DecoderLayer' object has no attribute 'output'
2026-08-13 08:32:39,720 WARNING layer sweep cache failed on stereo_962bc336: 'Phi3DecoderLayer' object has no attribute 'output'
2026-08-13 08:32:39,722 WARNING layer sweep cache failed on stereo_962bc336: 'Phi3DecoderLayer' object has no attribute 'output'
2026-08-13 08:32:39,725 WARNING layer sweep cache failed on stereo_962bc336: 'Phi3DecoderLayer' object has no attribute 'output'
2026-08-13 08:32:39,727 WARNING layer sweep cache failed on stereo_968c356c: 'Phi3DecoderLayer' object has no attribute 'output'
2026-08-13 08:32:39,730 WARNING layer sweep cache failed on stereo_968c356c: 'Phi3DecoderLayer' object has no attribute 'output'
2026-08-13 08:32:39,732 WARNING layer sweep cache failed on stereo_97d1f972: 'Phi3DecoderLayer' object has no attribute 'output'
2026-08-13 08:32:39,734 WARNING layer sweep cache failed on stereo_97d1f972: 'Phi3DecoderLayer' object has no attribute 'output'
2026-08-13 08:32:39,737 WARNING layer sweep cache failed on stereo_97d1f972: 'Phi3DecoderLayer' object has no attribute 'output'
2026-08-13 08:32:39,740 WARNING layer sweep cache failed on stereo_9d280ba8: 'Phi3DecoderLayer' object has no attribute 'output'
2026-08-13 08:32:39,743 WARNING layer sweep cache failed on stereo_9da543d7: 'Phi3DecoderLayer' object has no attribute 'output'
2026-08-13 08:32:39,745 WARNING layer sweep cache failed on stereo_9f5e501d: 'Phi3DecoderLayer' object has no attribute 'output'
2026-08-13 08:32:39,748 WARNING layer sweep cache failed on stereo_9f5e501d: 'Phi3DecoderLayer' object has no attribute 'output'
2026-08-13 08:32:39,751 WARNING layer sweep cache failed on stereo_a39c8d31: 'Phi3DecoderLayer' object has no attribute 'output'
2026-08-13 08:32:39,753 WARNING layer sweep cache failed on stereo_a39c8d31: 'Phi3DecoderLayer' object has no attribute 'output'
2026-08-13 08:32:39,756 WARNING layer sweep cache failed on stereo_a39c8d31: 'Phi3DecoderLayer' object has no attribute 'output'
2026-08-13 08:32:39,758 WARNING layer sweep cache failed on stereo_a39c8d31: 'Phi3DecoderLayer' object has no attribute 'output'
2026-08-13 08:32:39,761 WARNING layer sweep cache failed on stereo_a3efe0a2: 'Phi3DecoderLayer' object has no attribute 'output'
2026-08-13 08:32:39,764 WARNING layer sweep cache failed on stereo_a6fa1457: 'Phi3DecoderLayer' object has no attribute 'output'
2026-08-13 08:32:39,766 WARNING layer sweep cache failed on stereo_a6fa1457: 'Phi3DecoderLayer' object has no attribute 'output'
2026-08-13 08:32:39,769 WARNING layer sweep cache failed on stereo_a8813fc5: 'Phi3DecoderLayer' object has no attribute 'output'
2026-08-13 08:32:39,771 WARNING layer sweep cache failed on stereo_a8831983: 'Phi3DecoderLayer' object has no attribute 'output'
2026-08-13 08:32:39,773 WARNING layer sweep cache failed on stereo_a8831983: 'Phi3DecoderLayer' object has no attribute 'output'
2026-08-13 08:32:39,777 WARNING layer sweep cache failed on stereo_a8831983: 'Phi3DecoderLayer' object has no attribute 'output'
2026-08-13 08:32:39,789 WARNING layer sweep cache failed on stereo_aab76d1c: 'Phi3DecoderLayer' object has no attribute 'output'
2026-08-13 08:32:39,791 WARNING layer sweep cache failed on stereo_aab76d1c: 'Phi3DecoderLayer' object has no attribute 'output'
2026-08-13 08:32:39,794 WARNING layer sweep cache failed on stereo_abcc35ef: 'Phi3DecoderLayer' object has no attribute 'output'
2026-08-13 08:32:39,796 WARNING layer sweep cache failed on stereo_abcc35ef: 'Phi3DecoderLayer' object has no attribute 'output'
2026-08-13 08:32:39,799 WARNING layer sweep cache failed on stereo_abcc35ef: 'Phi3DecoderLayer' object has no attribute 'output'
2026-08-13 08:32:39,802 WARNING layer sweep cache failed on stereo_abcc35ef: 'Phi3DecoderLayer' object has no attribute 'output'
2026-08-13 08:32:39,804 WARNING layer sweep cache failed on stereo_abcc35ef: 'Phi3DecoderLayer' object has no attribute 'output'
2026-08-13 08:32:39,807 WARNING layer sweep cache failed on stereo_abcc35ef: 'Phi3DecoderLayer' object has no attribute 'output'
2026-08-13 08:32:39,809 WARNING layer sweep cache failed on stereo_ae29ca10: 'Phi3DecoderLayer' object has no attribute 'output'
2026-08-13 08:32:39,811 WARNING layer sweep cache failed on stereo_ae29ca10: 'Phi3DecoderLayer' object has no attribute 'output'
2026-08-13 08:32:39,814 WARNING layer sweep cache failed on stereo_b078344b: 'Phi3DecoderLayer' object has no attribute 'output'
2026-08-13 08:32:39,816 WARNING layer sweep cache failed on stereo_b74af239: 'Phi3DecoderLayer' object has no attribute 'output'
2026-08-13 08:32:39,819 WARNING layer sweep cache failed on stereo_b74af239: 'Phi3DecoderLayer' object has no attribute 'output'
2026-08-13 08:32:39,821 WARNING layer sweep cache failed on stereo_b74af239: 'Phi3DecoderLayer' object has no attribute 'output'
2026-08-13 08:32:39,824 WARNING layer sweep cache failed on stereo_b74af239: 'Phi3DecoderLayer' object has no attribute 'output'
2026-08-13 08:32:39,827 WARNING layer sweep cache failed on stereo_b8c423fd: 'Phi3DecoderLayer' object has no attribute 'output'
2026-08-13 08:32:39,829 WARNING layer sweep cache failed on stereo_b8c423fd: 'Phi3DecoderLayer' object has no attribute 'output'
2026-08-13 08:32:39,831 WARNING layer sweep cache failed on stereo_b8c423fd: 'Phi3DecoderLayer' object has no attribute 'output'
2026-08-13 08:32:39,833 WARNING layer sweep cache failed on stereo_b8c423fd: 'Phi3DecoderLayer' object has no attribute 'output'
2026-08-13 08:32:39,835 WARNING layer sweep cache failed on stereo_bd3abe56: 'Phi3DecoderLayer' object has no attribute 'output'
2026-08-13 08:32:39,838 WARNING layer sweep cache failed on stereo_be3917fa: 'Phi3DecoderLayer' object has no attribute 'output'
2026-08-13 08:32:39,841 WARNING layer sweep cache failed on stereo_be3917fa: 'Phi3DecoderLayer' object has no attribute 'output'
2026-08-13 08:32:39,843 WARNING layer sweep cache failed on stereo_be3917fa: 'Phi3DecoderLayer' object has no attribute 'output'
2026-08-13 08:32:39,846 WARNING layer sweep cache failed on stereo_be3917fa: 'Phi3DecoderLayer' object has no attribute 'output'
2026-08-13 08:32:39,848 WARNING layer sweep cache failed on stereo_becf212b: 'Phi3DecoderLayer' object has no attribute 'output'
2026-08-13 08:32:39,851 WARNING layer sweep cache failed on stereo_becf212b: 'Phi3DecoderLayer' object has no attribute 'output'
2026-08-13 08:32:39,853 WARNING layer sweep cache failed on stereo_becf212b: 'Phi3DecoderLayer' object has no attribute 'output'
2026-08-13 08:32:39,855 WARNING layer sweep cache failed on stereo_becf212b: 'Phi3DecoderLayer' object has no attribute 'output'
2026-08-13 08:32:39,857 WARNING layer sweep cache failed on stereo_c0429cb9: 'Phi3DecoderLayer' object has no attribute 'output'
2026-08-13 08:32:39,860 WARNING layer sweep cache failed on stereo_c13a4604: 'Phi3DecoderLayer' object has no attribute 'output'
2026-08-13 08:32:39,862 WARNING layer sweep cache failed on stereo_c13a4604: 'Phi3DecoderLayer' object has no attribute 'output'
2026-08-13 08:32:39,864 WARNING layer sweep cache failed on stereo_c13a4604: 'Phi3DecoderLayer' object has no attribute 'output'
2026-08-13 08:32:39,867 WARNING layer sweep cache failed on stereo_c13a4604: 'Phi3DecoderLayer' object has no attribute 'output'
2026-08-13 08:32:39,869 WARNING layer sweep cache failed on stereo_c13a4604: 'Phi3DecoderLayer' object has no attribute 'output'
2026-08-13 08:32:39,872 WARNING layer sweep cache failed on stereo_c2c46669: 'Phi3DecoderLayer' object has no attribute 'output'
2026-08-13 08:32:39,874 WARNING layer sweep cache failed on stereo_c2c46669: 'Phi3DecoderLayer' object has no attribute 'output'
2026-08-13 08:32:39,877 WARNING layer sweep cache failed on stereo_c2c46669: 'Phi3DecoderLayer' object has no attribute 'output'
2026-08-13 08:32:39,879 WARNING layer sweep cache failed on stereo_c2c46669: 'Phi3DecoderLayer' object has no attribute 'output'
2026-08-13 08:32:39,882 WARNING layer sweep cache failed on stereo_c3eb027a: 'Phi3DecoderLayer' object has no attribute 'output'
2026-08-13 08:32:39,885 WARNING layer sweep cache failed on stereo_c3eb027a: 'Phi3DecoderLayer' object has no attribute 'output'
2026-08-13 08:32:39,887 WARNING layer sweep cache failed on stereo_c3eb027a: 'Phi3DecoderLayer' object has no attribute 'output'
2026-08-13 08:32:39,890 WARNING layer sweep cache failed on stereo_c4552655: 'Phi3DecoderLayer' object has no attribute 'output'
2026-08-13 08:32:39,892 WARNING layer sweep cache failed on stereo_c468235a: 'Phi3DecoderLayer' object has no attribute 'output'
2026-08-13 08:32:39,895 WARNING layer sweep cache failed on stereo_c468235a: 'Phi3DecoderLayer' object has no attribute 'output'
2026-08-13 08:32:39,899 WARNING layer sweep cache failed on stereo_c6a2aa99: 'Phi3DecoderLayer' object has no attribute 'output'
2026-08-13 08:32:39,902 WARNING layer sweep cache failed on stereo_c6a2aa99: 'Phi3DecoderLayer' object has no attribute 'output'
2026-08-13 08:32:39,906 WARNING layer sweep cache failed on stereo_c6a2aa99: 'Phi3DecoderLayer' object has no attribute 'output'
2026-08-13 08:32:39,910 WARNING layer sweep cache failed on stereo_c6a2aa99: 'Phi3DecoderLayer' object has no attribute 'output'
2026-08-13 08:32:39,913 WARNING layer sweep cache failed on stereo_c6a2aa99: 'Phi3DecoderLayer' object has no attribute 'output'
2026-08-13 08:32:39,917 WARNING layer sweep cache failed on stereo_c6a2aa99: 'Phi3DecoderLayer' object has no attribute 'output'
2026-08-13 08:32:39,920 WARNING layer sweep cache failed on stereo_c9474b86: 'Phi3DecoderLayer' object has no attribute 'output'
2026-08-13 08:32:39,923 WARNING layer sweep cache failed on stereo_c9474b86: 'Phi3DecoderLayer' object has no attribute 'output'
2026-08-13 08:32:39,926 WARNING layer sweep cache failed on stereo_c9474b86: 'Phi3DecoderLayer' object has no attribute 'output'
2026-08-13 08:32:39,929 WARNING layer sweep cache failed on stereo_c9474b86: 'Phi3DecoderLayer' object has no attribute 'output'
2026-08-13 08:32:39,932 WARNING layer sweep cache failed on stereo_c9474b86: 'Phi3DecoderLayer' object has no attribute 'output'
2026-08-13 08:32:39,934 WARNING layer sweep cache failed on stereo_cd0cfa92: 'Phi3DecoderLayer' object has no attribute 'output'
2026-08-13 08:32:39,937 WARNING layer sweep cache failed on stereo_cf6ba3fd: 'Phi3DecoderLayer' object has no attribute 'output'
2026-08-13 08:32:39,939 WARNING layer sweep cache failed on stereo_d018bcd5: 'Phi3DecoderLayer' object has no attribute 'output'
2026-08-13 08:32:39,942 WARNING layer sweep cache failed on stereo_d018bcd5: 'Phi3DecoderLayer' object has no attribute 'output'
2026-08-13 08:32:39,944 WARNING layer sweep cache failed on stereo_d0776e53: 'Phi3DecoderLayer' object has no attribute 'output'
2026-08-13 08:32:39,947 WARNING layer sweep cache failed on stereo_d0776e53: 'Phi3DecoderLayer' object has no attribute 'output'
2026-08-13 08:32:39,949 WARNING layer sweep cache failed on stereo_d0776e53: 'Phi3DecoderLayer' object has no attribute 'output'
2026-08-13 08:32:39,952 WARNING layer sweep cache failed on stereo_d0776e53: 'Phi3DecoderLayer' object has no attribute 'output'
2026-08-13 08:32:39,954 WARNING layer sweep cache failed on stereo_d0776e53: 'Phi3DecoderLayer' object has no attribute 'output'
2026-08-13 08:32:39,956 WARNING layer sweep cache failed on stereo_d0776e53: 'Phi3DecoderLayer' object has no attribute 'output'
2026-08-13 08:32:39,959 WARNING layer sweep cache failed on stereo_d21b22b4: 'Phi3DecoderLayer' object has no attribute 'output'
2026-08-13 08:32:39,962 WARNING layer sweep cache failed on stereo_d21b22b4: 'Phi3DecoderLayer' object has no attribute 'output'
2026-08-13 08:32:39,965 WARNING layer sweep cache failed on stereo_d21b22b4: 'Phi3DecoderLayer' object has no attribute 'output'
2026-08-13 08:32:39,967 WARNING layer sweep cache failed on stereo_d21b22b4: 'Phi3DecoderLayer' object has no attribute 'output'
2026-08-13 08:32:39,970 WARNING layer sweep cache failed on stereo_d21b22b4: 'Phi3DecoderLayer' object has no attribute 'output'
2026-08-13 08:32:39,972 WARNING layer sweep cache failed on stereo_d3af7de2: 'Phi3DecoderLayer' object has no attribute 'output'
2026-08-13 08:32:39,975 WARNING layer sweep cache failed on stereo_d3af7de2: 'Phi3DecoderLayer' object has no attribute 'output'
2026-08-13 08:32:39,977 WARNING layer sweep cache failed on stereo_d3af7de2: 'Phi3DecoderLayer' object has no attribute 'output'
2026-08-13 08:32:39,979 WARNING layer sweep cache failed on stereo_d3af7de2: 'Phi3DecoderLayer' object has no attribute 'output'
2026-08-13 08:32:39,981 WARNING layer sweep cache failed on stereo_d3af7de2: 'Phi3DecoderLayer' object has no attribute 'output'
2026-08-13 08:32:39,984 WARNING layer sweep cache failed on stereo_d51a677d: 'Phi3DecoderLayer' object has no attribute 'output'
2026-08-13 08:32:39,987 WARNING layer sweep cache failed on stereo_d51a677d: 'Phi3DecoderLayer' object has no attribute 'output'
2026-08-13 08:32:39,990 WARNING layer sweep cache failed on stereo_d54edd23: 'Phi3DecoderLayer' object has no attribute 'output'
2026-08-13 08:32:39,992 WARNING layer sweep cache failed on stereo_d54edd23: 'Phi3DecoderLayer' object has no attribute 'output'
2026-08-13 08:32:39,995 WARNING layer sweep cache failed on stereo_da9ca390: 'Phi3DecoderLayer' object has no attribute 'output'
2026-08-13 08:32:39,997 WARNING layer sweep cache failed on stereo_da9ca390: 'Phi3DecoderLayer' object has no attribute 'output'
2026-08-13 08:32:40,000 WARNING layer sweep cache failed on stereo_da9ca390: 'Phi3DecoderLayer' object has no attribute 'output'
2026-08-13 08:32:40,004 WARNING layer sweep cache failed on stereo_da9ca390: 'Phi3DecoderLayer' object has no attribute 'output'
2026-08-13 08:32:40,008 WARNING layer sweep cache failed on stereo_da9ca390: 'Phi3DecoderLayer' object has no attribute 'output'
2026-08-13 08:32:40,010 WARNING layer sweep cache failed on stereo_dcf903be: 'Phi3DecoderLayer' object has no attribute 'output'
2026-08-13 08:32:40,013 WARNING layer sweep cache failed on stereo_dcf903be: 'Phi3DecoderLayer' object has no attribute 'output'
2026-08-13 08:32:40,015 WARNING layer sweep cache failed on stereo_dcf903be: 'Phi3DecoderLayer' object has no attribute 'output'
2026-08-13 08:32:40,018 WARNING layer sweep cache failed on stereo_dda9c822: 'Phi3DecoderLayer' object has no attribute 'output'
2026-08-13 08:32:40,021 WARNING layer sweep cache failed on stereo_e0618159: 'Phi3DecoderLayer' object has no attribute 'output'
2026-08-13 08:32:40,023 WARNING layer sweep cache failed on stereo_e0618159: 'Phi3DecoderLayer' object has no attribute 'output'
2026-08-13 08:32:40,026 WARNING layer sweep cache failed on stereo_e0618159: 'Phi3DecoderLayer' object has no attribute 'output'
2026-08-13 08:32:40,029 WARNING layer sweep cache failed on stereo_e0618159: 'Phi3DecoderLayer' object has no attribute 'output'
2026-08-13 08:32:40,032 WARNING layer sweep cache failed on stereo_e0618159: 'Phi3DecoderLayer' object has no attribute 'output'
2026-08-13 08:32:40,035 WARNING layer sweep cache failed on stereo_e0618159: 'Phi3DecoderLayer' object has no attribute 'output'
2026-08-13 08:32:40,038 WARNING layer sweep cache failed on stereo_e220e504: 'Phi3DecoderLayer' object has no attribute 'output'
2026-08-13 08:32:40,040 WARNING layer sweep cache failed on stereo_e220e504: 'Phi3DecoderLayer' object has no attribute 'output'
2026-08-13 08:32:40,043 WARNING layer sweep cache failed on stereo_e220e504: 'Phi3DecoderLayer' object has no attribute 'output'
2026-08-13 08:32:40,046 WARNING layer sweep cache failed on stereo_e220e504: 'Phi3DecoderLayer' object has no attribute 'output'
2026-08-13 08:32:40,048 WARNING layer sweep cache failed on stereo_e32208ad: 'Phi3DecoderLayer' object has no attribute 'output'
2026-08-13 08:32:40,051 WARNING layer sweep cache failed on stereo_e32208ad: 'Phi3DecoderLayer' object has no attribute 'output'
2026-08-13 08:32:40,053 WARNING layer sweep cache failed on stereo_e32208ad: 'Phi3DecoderLayer' object has no attribute 'output'
2026-08-13 08:32:40,055 WARNING layer sweep cache failed on stereo_e854b335: 'Phi3DecoderLayer' object has no attribute 'output'
2026-08-13 08:32:40,058 WARNING layer sweep cache failed on stereo_e854b335: 'Phi3DecoderLayer' object has no attribute 'output'
2026-08-13 08:32:40,060 WARNING layer sweep cache failed on stereo_e9d8155e: 'Phi3DecoderLayer' object has no attribute 'output'
2026-08-13 08:32:40,063 WARNING layer sweep cache failed on stereo_e9d8155e: 'Phi3DecoderLayer' object has no attribute 'output'
2026-08-13 08:32:40,065 WARNING layer sweep cache failed on stereo_ea9c4d16: 'Phi3DecoderLayer' object has no attribute 'output'
2026-08-13 08:32:40,068 WARNING layer sweep cache failed on stereo_ea9c4d16: 'Phi3DecoderLayer' object has no attribute 'output'
2026-08-13 08:32:40,070 WARNING layer sweep cache failed on stereo_eef708f8: 'Phi3DecoderLayer' object has no attribute 'output'
2026-08-13 08:32:40,072 WARNING layer sweep cache failed on stereo_eef708f8: 'Phi3DecoderLayer' object has no attribute 'output'
2026-08-13 08:32:40,075 WARNING layer sweep cache failed on stereo_eef708f8: 'Phi3DecoderLayer' object has no attribute 'output'
2026-08-13 08:32:40,077 WARNING layer sweep cache failed on stereo_ef90dcdb: 'Phi3DecoderLayer' object has no attribute 'output'
2026-08-13 08:32:40,079 WARNING layer sweep cache failed on stereo_ef90dcdb: 'Phi3DecoderLayer' object has no attribute 'output'
2026-08-13 08:32:40,082 WARNING layer sweep cache failed on stereo_ef90dcdb: 'Phi3DecoderLayer' object has no attribute 'output'
2026-08-13 08:32:40,084 WARNING layer sweep cache failed on stereo_ef90dcdb: 'Phi3DecoderLayer' object has no attribute 'output'
2026-08-13 08:32:40,087 WARNING layer sweep cache failed on stereo_eff60d6b: 'Phi3DecoderLayer' object has no attribute 'output'
2026-08-13 08:32:40,089 WARNING layer sweep cache failed on stereo_eff60d6b: 'Phi3DecoderLayer' object has no attribute 'output'
2026-08-13 08:32:40,093 WARNING layer sweep cache failed on stereo_eff60d6b: 'Phi3DecoderLayer' object has no attribute 'output'
2026-08-13 08:32:40,095 WARNING layer sweep cache failed on stereo_eff60d6b: 'Phi3DecoderLayer' object has no attribute 'output'
2026-08-13 08:32:40,098 WARNING layer sweep cache failed on stereo_effd5253: 'Phi3DecoderLayer' object has no attribute 'output'
2026-08-13 08:32:40,100 WARNING layer sweep cache failed on stereo_effd5253: 'Phi3DecoderLayer' object has no attribute 'output'
2026-08-13 08:32:40,102 WARNING layer sweep cache failed on stereo_effd5253: 'Phi3DecoderLayer' object has no attribute 'output'
2026-08-13 08:32:40,105 WARNING layer sweep cache failed on stereo_effd5253: 'Phi3DecoderLayer' object has no attribute 'output'
2026-08-13 08:32:40,108 WARNING layer sweep cache failed on stereo_f0b19572: 'Phi3DecoderLayer' object has no attribute 'output'
2026-08-13 08:32:40,110 WARNING layer sweep cache failed on stereo_f4425d40: 'Phi3DecoderLayer' object has no attribute 'output'
2026-08-13 08:32:40,113 WARNING layer sweep cache failed on stereo_f4425d40: 'Phi3DecoderLayer' object has no attribute 'output'
2026-08-13 08:32:40,115 WARNING layer sweep cache failed on stereo_f4425d40: 'Phi3DecoderLayer' object has no attribute 'output'
2026-08-13 08:32:40,118 WARNING layer sweep cache failed on stereo_f5ca5238: 'Phi3DecoderLayer' object has no attribute 'output'
2026-08-13 08:32:40,120 WARNING layer sweep cache failed on stereo_f6664c1c: 'Phi3DecoderLayer' object has no attribute 'output'
2026-08-13 08:32:40,123 WARNING layer sweep cache failed on stereo_f6664c1c: 'Phi3DecoderLayer' object has no attribute 'output'
2026-08-13 08:32:40,125 WARNING layer sweep cache failed on stereo_f91ea069: 'Phi3DecoderLayer' object has no attribute 'output'
2026-08-13 08:32:40,128 WARNING layer sweep cache failed on stereo_fad0127e: 'Phi3DecoderLayer' object has no attribute 'output'
2026-08-13 08:32:40,131 WARNING layer sweep cache failed on stereo_fad0127e: 'Phi3DecoderLayer' object has no attribute 'output'
2026-08-13 08:32:40,134 WARNING layer sweep cache failed on stereo_fad0127e: 'Phi3DecoderLayer' object has no attribute 'output'
2026-08-13 08:32:40,137 WARNING layer sweep cache failed on stereo_fad0127e: 'Phi3DecoderLayer' object has no attribute 'output'
2026-08-13 08:32:40,140 WARNING layer sweep cache failed on stereo_fad0127e: 'Phi3DecoderLayer' object has no attribute 'output'
2026-08-13 08:32:40,529 INFO phi-4-mini-instruct hi CDVA: 2 units, located 2/2
2026-08-13 08:32:40,799 INFO phi-4-mini-instruct bn CDVA: 2 units, located 2/2
2026-08-13 08:32:40,847 INFO behav_hi_phi-4-mini-instruct.parquet complete (2 rows), skipping
2026-08-13 08:32:40,893 INFO behav_bn_phi-4-mini-instruct.parquet complete (2 rows), skipping
2026-08-13 08:32:41,074 INFO Model 'phi-4-mini-instruct' unloaded and VRAM freed.
2026-08-13 08:32:41,074 INFO all requested tasks complete (1 of 1 models)
