2026-08-13 13:40:39,562 INFO watchdog armed: exits after 25 min with no records and no log activity
2026-08-13 13:40:39,603 INFO pentad: 6855 prompts, 596 seeds
2026-08-13 13:40:39,603 INFO === qwen2.5-7b-instruct ===
2026-08-13 13:40:41,124 INFO Loading model: qwen2.5-7b-instruct (Qwen/Qwen2.5-7B-Instruct) ...
2026-08-13 13:40:42,451 WARNING flash_attention_2 unavailable for qwen2.5-7b-instruct (FlashAttention2 has been toggled on, but it cannot be used due to the following error: the package flash_attn seems to be not installed. Please refer to the doc); falling back to sdpa
Sliding Window Attention is enabled but not implemented for `sdpa`; unexpected results may be encountered.
Loading checkpoint shards:   0%|          | 0/4 [00:00<?, ?it/s]Loading checkpoint shards:  25%|██▌       | 1/4 [00:01<00:03,  1.16s/it]Loading checkpoint shards:  50%|█████     | 2/4 [00:01<00:01,  1.22it/s]Loading checkpoint shards:  75%|███████▌  | 3/4 [00:02<00:00,  1.41it/s]Loading checkpoint shards: 100%|██████████| 4/4 [00:02<00:00,  1.56it/s]Loading checkpoint shards: 100%|██████████| 4/4 [00:02<00:00,  1.40it/s]
2026-08-13 13:40:45,467 INFO   Model qwen2.5-7b-instruct                 | attention impl: sdpa
2026-08-13 13:40:45,467 WARNING   WARNING: qwen2.5-7b-instruct did not load with flash_attention_2 (got 'sdpa').
2026-08-13 13:40:45,467 INFO Model 'qwen2.5-7b-instruct' loaded successfully.
2026-08-13 13:40:45,647 INFO Creating nnsight LanguageModel wrapper for 'Qwen/Qwen2.5-7B-Instruct' (cached).
2026-08-13 13:40:45,652 INFO qwen2.5-7b-instruct: 28 layers via nnsight
2026-08-13 13:40:46,412 INFO qwen2.5-7b-instruct battery: 200 units, 334.50 units/s
2026-08-13 13:40:47,029 INFO qwen2.5-7b-instruct battery: 400 units, 329.30 units/s
2026-08-13 13:40:47,671 INFO qwen2.5-7b-instruct battery: 600 units, 323.14 units/s
2026-08-13 13:40:48,346 INFO qwen2.5-7b-instruct battery: 800 units, 315.99 units/s
2026-08-13 13:40:48,946 INFO qwen2.5-7b-instruct battery: 1000 units, 319.32 units/s
2026-08-13 13:40:49,575 INFO qwen2.5-7b-instruct battery: 1200 units, 319.05 units/s
2026-08-13 13:40:50,177 INFO qwen2.5-7b-instruct battery: 1400 units, 320.90 units/s
2026-08-13 13:40:50,813 INFO qwen2.5-7b-instruct battery: 1600 units, 320.06 units/s
2026-08-13 13:40:51,386 INFO qwen2.5-7b-instruct battery: 1800 units, 323.04 units/s
2026-08-13 13:40:51,971 INFO qwen2.5-7b-instruct battery: 2000 units, 324.83 units/s
2026-08-13 13:40:52,553 INFO qwen2.5-7b-instruct battery: 2200 units, 326.47 units/s
2026-08-13 13:40:53,148 INFO qwen2.5-7b-instruct battery: 2400 units, 327.23 units/s
2026-08-13 13:40:53,798 INFO qwen2.5-7b-instruct battery: 2600 units, 325.66 units/s
2026-08-13 13:40:54,428 INFO qwen2.5-7b-instruct battery: 2800 units, 325.05 units/s
2026-08-13 13:40:55,059 INFO qwen2.5-7b-instruct battery: 3000 units, 324.49 units/s
2026-08-13 13:40:55,677 INFO qwen2.5-7b-instruct battery: 3200 units, 324.43 units/s
2026-08-13 13:40:56,331 INFO qwen2.5-7b-instruct battery: 3400 units, 323.29 units/s
2026-08-13 13:40:56,973 INFO qwen2.5-7b-instruct battery: 3600 units, 322.60 units/s
2026-08-13 13:40:57,577 INFO qwen2.5-7b-instruct battery: 3800 units, 323.04 units/s
2026-08-13 13:40:58,208 INFO qwen2.5-7b-instruct battery: 4000 units, 322.74 units/s
2026-08-13 13:40:58,752 INFO qwen2.5-7b-instruct battery: 4200 units, 324.63 units/s
2026-08-13 13:40:59,286 INFO qwen2.5-7b-instruct battery: 4400 units, 326.60 units/s
2026-08-13 13:40:59,784 INFO qwen2.5-7b-instruct battery: 4600 units, 329.27 units/s
2026-08-13 13:41:00,311 INFO qwen2.5-7b-instruct battery: 4800 units, 331.10 units/s
2026-08-13 13:41:00,828 INFO qwen2.5-7b-instruct battery: 5000 units, 333.02 units/s
2026-08-13 13:41:01,333 INFO qwen2.5-7b-instruct battery: 5200 units, 335.08 units/s
2026-08-13 13:41:01,833 INFO qwen2.5-7b-instruct battery: 5400 units, 337.11 units/s
2026-08-13 13:41:02,335 INFO qwen2.5-7b-instruct battery: 5600 units, 338.95 units/s
2026-08-13 13:41:02,842 INFO qwen2.5-7b-instruct battery: 5800 units, 340.63 units/s
2026-08-13 13:41:03,387 INFO qwen2.5-7b-instruct battery: 6000 units, 341.43 units/s
2026-08-13 13:41:03,889 INFO qwen2.5-7b-instruct battery: 6200 units, 343.01 units/s
2026-08-13 13:41:04,416 INFO qwen2.5-7b-instruct battery: 6400 units, 344.05 units/s
2026-08-13 13:41:04,939 INFO qwen2.5-7b-instruct battery: 6600 units, 345.11 units/s
2026-08-13 13:41:05,480 INFO qwen2.5-7b-instruct battery: 6800 units, 345.78 units/s
2026-08-13 13:41:06,019 INFO qwen2.5-7b-instruct battery: 7000 units, 346.45 units/s
2026-08-13 13:41:06,534 INFO qwen2.5-7b-instruct battery: 7200 units, 347.48 units/s
2026-08-13 13:41:07,064 INFO qwen2.5-7b-instruct battery: 7400 units, 348.24 units/s
2026-08-13 13:41:07,578 INFO qwen2.5-7b-instruct battery: 7600 units, 349.20 units/s
2026-08-13 13:41:08,105 INFO qwen2.5-7b-instruct battery: 7800 units, 349.92 units/s
2026-08-13 13:41:08,643 INFO qwen2.5-7b-instruct battery: 8000 units, 350.43 units/s
2026-08-13 13:41:09,152 INFO qwen2.5-7b-instruct battery: 8200 units, 351.36 units/s
2026-08-13 13:41:09,678 INFO qwen2.5-7b-instruct battery: 8400 units, 351.99 units/s
2026-08-13 13:41:10,212 INFO qwen2.5-7b-instruct battery: 8600 units, 352.50 units/s
2026-08-13 13:41:10,725 INFO qwen2.5-7b-instruct battery: 8800 units, 353.26 units/s
2026-08-13 13:41:11,287 INFO qwen2.5-7b-instruct battery: 9000 units, 353.32 units/s
2026-08-13 13:41:11,813 INFO qwen2.5-7b-instruct battery: 9200 units, 353.86 units/s
2026-08-13 13:41:12,337 INFO qwen2.5-7b-instruct battery: 9400 units, 354.41 units/s
2026-08-13 13:41:21,994 INFO qwen2.5-7b-instruct controls: 3998 units
2026-08-13 13:41:22,577 WARNING layer sweep cache failed on bbq_00dd6566: 'Qwen2DecoderLayer' object has no attribute 'output'
2026-08-13 13:41:22,580 WARNING layer sweep cache failed on bbq_00dd6566: 'Qwen2DecoderLayer' object has no attribute 'output'
2026-08-13 13:41:22,582 WARNING layer sweep cache failed on bbq_013e73bf: 'Qwen2DecoderLayer' object has no attribute 'output'
2026-08-13 13:41:22,585 WARNING layer sweep cache failed on bbq_013e73bf: 'Qwen2DecoderLayer' object has no attribute 'output'
2026-08-13 13:41:22,587 WARNING layer sweep cache failed on bbq_013e73bf: 'Qwen2DecoderLayer' object has no attribute 'output'
2026-08-13 13:41:22,590 WARNING layer sweep cache failed on bbq_0594acac: 'Qwen2DecoderLayer' object has no attribute 'output'
2026-08-13 13:41:22,593 WARNING layer sweep cache failed on bbq_074508ce: 'Qwen2DecoderLayer' object has no attribute 'output'
2026-08-13 13:41:22,595 WARNING layer sweep cache failed on bbq_074508ce: 'Qwen2DecoderLayer' object has no attribute 'output'
2026-08-13 13:41:22,598 WARNING layer sweep cache failed on bbq_07e64293: 'Qwen2DecoderLayer' object has no attribute 'output'
2026-08-13 13:41:22,601 WARNING layer sweep cache failed on bbq_07e64293: 'Qwen2DecoderLayer' object has no attribute 'output'
2026-08-13 13:41:22,604 WARNING layer sweep cache failed on bbq_08ae073d: 'Qwen2DecoderLayer' object has no attribute 'output'
2026-08-13 13:41:22,608 WARNING layer sweep cache failed on bbq_08ae073d: 'Qwen2DecoderLayer' object has no attribute 'output'
2026-08-13 13:41:22,611 WARNING layer sweep cache failed on bbq_08ae073d: 'Qwen2DecoderLayer' object has no attribute 'output'
2026-08-13 13:41:22,613 WARNING layer sweep cache failed on bbq_0b2b4c6e: 'Qwen2DecoderLayer' object has no attribute 'output'
2026-08-13 13:41:22,615 WARNING layer sweep cache failed on bbq_0b2b4c6e: 'Qwen2DecoderLayer' object has no attribute 'output'
2026-08-13 13:41:22,618 WARNING layer sweep cache failed on bbq_0e10545b: 'Qwen2DecoderLayer' object has no attribute 'output'
2026-08-13 13:41:22,620 WARNING layer sweep cache failed on bbq_0e10545b: 'Qwen2DecoderLayer' object has no attribute 'output'
2026-08-13 13:41:22,622 WARNING layer sweep cache failed on bbq_0e10545b: 'Qwen2DecoderLayer' object has no attribute 'output'
2026-08-13 13:41:22,625 WARNING layer sweep cache failed on bbq_0e10545b: 'Qwen2DecoderLayer' object has no attribute 'output'
2026-08-13 13:41:22,628 WARNING layer sweep cache failed on bbq_0e37ed71: 'Qwen2DecoderLayer' object has no attribute 'output'
2026-08-13 13:41:22,632 WARNING layer sweep cache failed on bbq_0e37ed71: 'Qwen2DecoderLayer' object has no attribute 'output'
2026-08-13 13:41:22,635 WARNING layer sweep cache failed on bbq_0fb03ad6: 'Qwen2DecoderLayer' object has no attribute 'output'
2026-08-13 13:41:22,638 WARNING layer sweep cache failed on bbq_0fb03ad6: 'Qwen2DecoderLayer' object has no attribute 'output'
2026-08-13 13:41:22,641 WARNING layer sweep cache failed on bbq_0fb03ad6: 'Qwen2DecoderLayer' object has no attribute 'output'
2026-08-13 13:41:22,644 WARNING layer sweep cache failed on bbq_118dc715: 'Qwen2DecoderLayer' object has no attribute 'output'
2026-08-13 13:41:22,647 WARNING layer sweep cache failed on bbq_118dc715: 'Qwen2DecoderLayer' object has no attribute 'output'
2026-08-13 13:41:22,650 WARNING layer sweep cache failed on bbq_118dc715: 'Qwen2DecoderLayer' object has no attribute 'output'
2026-08-13 13:41:22,653 WARNING layer sweep cache failed on bbq_165c42db: 'Qwen2DecoderLayer' object has no attribute 'output'
2026-08-13 13:41:22,655 WARNING layer sweep cache failed on bbq_165c42db: 'Qwen2DecoderLayer' object has no attribute 'output'
2026-08-13 13:41:22,658 WARNING layer sweep cache failed on bbq_16d28504: 'Qwen2DecoderLayer' object has no attribute 'output'
2026-08-13 13:41:22,661 WARNING layer sweep cache failed on bbq_16d28504: 'Qwen2DecoderLayer' object has no attribute 'output'
2026-08-13 13:41:22,664 WARNING layer sweep cache failed on bbq_16d6bf66: 'Qwen2DecoderLayer' object has no attribute 'output'
2026-08-13 13:41:22,667 WARNING layer sweep cache failed on bbq_18f81589: 'Qwen2DecoderLayer' object has no attribute 'output'
2026-08-13 13:41:22,670 WARNING layer sweep cache failed on bbq_18f81589: 'Qwen2DecoderLayer' object has no attribute 'output'
2026-08-13 13:41:22,673 WARNING layer sweep cache failed on bbq_18f81589: 'Qwen2DecoderLayer' object has no attribute 'output'
2026-08-13 13:41:22,675 WARNING layer sweep cache failed on bbq_1946ba6d: 'Qwen2DecoderLayer' object has no attribute 'output'
2026-08-13 13:41:22,677 WARNING layer sweep cache failed on bbq_1946ba6d: 'Qwen2DecoderLayer' object has no attribute 'output'
2026-08-13 13:41:22,681 WARNING layer sweep cache failed on bbq_1a3899fa: 'Qwen2DecoderLayer' object has no attribute 'output'
2026-08-13 13:41:22,685 WARNING layer sweep cache failed on bbq_1a3899fa: 'Qwen2DecoderLayer' object has no attribute 'output'
2026-08-13 13:41:22,688 WARNING layer sweep cache failed on bbq_1bc3d48d: 'Qwen2DecoderLayer' object has no attribute 'output'
2026-08-13 13:41:22,692 WARNING layer sweep cache failed on bbq_1bc3d48d: 'Qwen2DecoderLayer' object has no attribute 'output'
2026-08-13 13:41:22,695 WARNING layer sweep cache failed on bbq_1bc3d48d: 'Qwen2DecoderLayer' object has no attribute 'output'
2026-08-13 13:41:22,699 WARNING layer sweep cache failed on bbq_1e78b8b0: 'Qwen2DecoderLayer' object has no attribute 'output'
2026-08-13 13:41:22,702 WARNING layer sweep cache failed on bbq_1e78b8b0: 'Qwen2DecoderLayer' object has no attribute 'output'
2026-08-13 13:41:22,706 WARNING layer sweep cache failed on bbq_1e78b8b0: 'Qwen2DecoderLayer' object has no attribute 'output'
2026-08-13 13:41:22,708 WARNING layer sweep cache failed on bbq_20e21a2d: 'Qwen2DecoderLayer' object has no attribute 'output'
2026-08-13 13:41:22,711 WARNING layer sweep cache failed on bbq_20e21a2d: 'Qwen2DecoderLayer' object has no attribute 'output'
2026-08-13 13:41:22,714 WARNING layer sweep cache failed on bbq_20e21a2d: 'Qwen2DecoderLayer' object has no attribute 'output'
2026-08-13 13:41:22,717 WARNING layer sweep cache failed on bbq_20e21a2d: 'Qwen2DecoderLayer' object has no attribute 'output'
2026-08-13 13:41:22,719 WARNING layer sweep cache failed on bbq_25266114: 'Qwen2DecoderLayer' object has no attribute 'output'
2026-08-13 13:41:22,721 WARNING layer sweep cache failed on bbq_25266114: 'Qwen2DecoderLayer' object has no attribute 'output'
2026-08-13 13:41:22,724 WARNING layer sweep cache failed on bbq_25266114: 'Qwen2DecoderLayer' object has no attribute 'output'
2026-08-13 13:41:22,726 WARNING layer sweep cache failed on bbq_25266114: 'Qwen2DecoderLayer' object has no attribute 'output'
2026-08-13 13:41:22,729 WARNING layer sweep cache failed on bbq_25934b81: 'Qwen2DecoderLayer' object has no attribute 'output'
2026-08-13 13:41:22,732 WARNING layer sweep cache failed on bbq_2672bc50: 'Qwen2DecoderLayer' object has no attribute 'output'
2026-08-13 13:41:22,735 WARNING layer sweep cache failed on bbq_2672bc50: 'Qwen2DecoderLayer' object has no attribute 'output'
2026-08-13 13:41:22,738 WARNING layer sweep cache failed on bbq_2672bc50: 'Qwen2DecoderLayer' object has no attribute 'output'
2026-08-13 13:41:22,741 WARNING layer sweep cache failed on bbq_2672bc50: 'Qwen2DecoderLayer' object has no attribute 'output'
2026-08-13 13:41:22,744 WARNING layer sweep cache failed on bbq_26a71438: 'Qwen2DecoderLayer' object has no attribute 'output'
2026-08-13 13:41:22,748 WARNING layer sweep cache failed on bbq_26a71438: 'Qwen2DecoderLayer' object has no attribute 'output'
2026-08-13 13:41:22,751 WARNING layer sweep cache failed on bbq_26fdea2c: 'Qwen2DecoderLayer' object has no attribute 'output'
2026-08-13 13:41:22,754 WARNING layer sweep cache failed on bbq_281ba38c: 'Qwen2DecoderLayer' object has no attribute 'output'
2026-08-13 13:41:22,756 WARNING layer sweep cache failed on bbq_281ba38c: 'Qwen2DecoderLayer' object has no attribute 'output'
2026-08-13 13:41:22,760 WARNING layer sweep cache failed on bbq_28416d64: 'Qwen2DecoderLayer' object has no attribute 'output'
2026-08-13 13:41:22,763 WARNING layer sweep cache failed on bbq_28416d64: 'Qwen2DecoderLayer' object has no attribute 'output'
2026-08-13 13:41:22,767 WARNING layer sweep cache failed on bbq_28416d64: 'Qwen2DecoderLayer' object has no attribute 'output'
2026-08-13 13:41:22,769 WARNING layer sweep cache failed on bbq_2926d289: 'Qwen2DecoderLayer' object has no attribute 'output'
2026-08-13 13:41:22,773 WARNING layer sweep cache failed on bbq_297a1dae: 'Qwen2DecoderLayer' object has no attribute 'output'
2026-08-13 13:41:22,776 WARNING layer sweep cache failed on bbq_297eae36: 'Qwen2DecoderLayer' object has no attribute 'output'
2026-08-13 13:41:22,778 WARNING layer sweep cache failed on bbq_297eae36: 'Qwen2DecoderLayer' object has no attribute 'output'
2026-08-13 13:41:22,781 WARNING layer sweep cache failed on bbq_297eae36: 'Qwen2DecoderLayer' object has no attribute 'output'
2026-08-13 13:41:22,783 WARNING layer sweep cache failed on bbq_297eae36: 'Qwen2DecoderLayer' object has no attribute 'output'
2026-08-13 13:41:22,785 WARNING layer sweep cache failed on bbq_297eae36: 'Qwen2DecoderLayer' object has no attribute 'output'
2026-08-13 13:41:22,788 WARNING layer sweep cache failed on bbq_2a505e69: 'Qwen2DecoderLayer' object has no attribute 'output'
2026-08-13 13:41:22,791 WARNING layer sweep cache failed on bbq_2a972ee7: 'Qwen2DecoderLayer' object has no attribute 'output'
2026-08-13 13:41:22,793 WARNING layer sweep cache failed on bbq_2a972ee7: 'Qwen2DecoderLayer' object has no attribute 'output'
2026-08-13 13:41:22,797 WARNING layer sweep cache failed on bbq_2b77ab73: 'Qwen2DecoderLayer' object has no attribute 'output'
2026-08-13 13:41:22,800 WARNING layer sweep cache failed on bbq_2b77ab73: 'Qwen2DecoderLayer' object has no attribute 'output'
2026-08-13 13:41:22,803 WARNING layer sweep cache failed on bbq_2c5da17d: 'Qwen2DecoderLayer' object has no attribute 'output'
2026-08-13 13:41:22,807 WARNING layer sweep cache failed on bbq_2c5da17d: 'Qwen2DecoderLayer' object has no attribute 'output'
2026-08-13 13:41:22,810 WARNING layer sweep cache failed on bbq_2cd0f9c5: 'Qwen2DecoderLayer' object has no attribute 'output'
2026-08-13 13:41:22,813 WARNING layer sweep cache failed on bbq_2d729f22: 'Qwen2DecoderLayer' object has no attribute 'output'
2026-08-13 13:41:22,816 WARNING layer sweep cache failed on bbq_2d729f22: 'Qwen2DecoderLayer' object has no attribute 'output'
2026-08-13 13:41:22,819 WARNING layer sweep cache failed on bbq_2d729f22: 'Qwen2DecoderLayer' object has no attribute 'output'
2026-08-13 13:41:22,823 WARNING layer sweep cache failed on bbq_2de440ae: 'Qwen2DecoderLayer' object has no attribute 'output'
2026-08-13 13:41:22,826 WARNING layer sweep cache failed on bbq_2de440ae: 'Qwen2DecoderLayer' object has no attribute 'output'
2026-08-13 13:41:22,830 WARNING layer sweep cache failed on bbq_2de440ae: 'Qwen2DecoderLayer' object has no attribute 'output'
2026-08-13 13:41:22,834 WARNING layer sweep cache failed on bbq_2de440ae: 'Qwen2DecoderLayer' object has no attribute 'output'
2026-08-13 13:41:22,838 WARNING layer sweep cache failed on bbq_2de440ae: 'Qwen2DecoderLayer' object has no attribute 'output'
2026-08-13 13:41:22,841 WARNING layer sweep cache failed on bbq_30e0d554: 'Qwen2DecoderLayer' object has no attribute 'output'
2026-08-13 13:41:22,844 WARNING layer sweep cache failed on bbq_30e0d554: 'Qwen2DecoderLayer' object has no attribute 'output'
2026-08-13 13:41:22,847 WARNING layer sweep cache failed on bbq_30e0d554: 'Qwen2DecoderLayer' object has no attribute 'output'
2026-08-13 13:41:22,850 WARNING layer sweep cache failed on bbq_30e0d554: 'Qwen2DecoderLayer' object has no attribute 'output'
2026-08-13 13:41:22,853 WARNING layer sweep cache failed on bbq_3206b8de: 'Qwen2DecoderLayer' object has no attribute 'output'
2026-08-13 13:41:22,857 WARNING layer sweep cache failed on bbq_3239072c: 'Qwen2DecoderLayer' object has no attribute 'output'
2026-08-13 13:41:22,861 WARNING layer sweep cache failed on bbq_3239072c: 'Qwen2DecoderLayer' object has no attribute 'output'
2026-08-13 13:41:22,865 WARNING layer sweep cache failed on bbq_3239072c: 'Qwen2DecoderLayer' object has no attribute 'output'
2026-08-13 13:41:22,868 WARNING layer sweep cache failed on bbq_323c41db: 'Qwen2DecoderLayer' object has no attribute 'output'
2026-08-13 13:41:22,871 WARNING layer sweep cache failed on bbq_3259c392: 'Qwen2DecoderLayer' object has no attribute 'output'
2026-08-13 13:41:22,875 WARNING layer sweep cache failed on bbq_3259c392: 'Qwen2DecoderLayer' object has no attribute 'output'
2026-08-13 13:41:22,877 WARNING layer sweep cache failed on bbq_32b0f202: 'Qwen2DecoderLayer' object has no attribute 'output'
2026-08-13 13:41:22,880 WARNING layer sweep cache failed on bbq_32b0f202: 'Qwen2DecoderLayer' object has no attribute 'output'
2026-08-13 13:41:22,883 WARNING layer sweep cache failed on bbq_32b0f202: 'Qwen2DecoderLayer' object has no attribute 'output'
2026-08-13 13:41:22,886 WARNING layer sweep cache failed on bbq_33ebf720: 'Qwen2DecoderLayer' object has no attribute 'output'
2026-08-13 13:41:22,889 WARNING layer sweep cache failed on bbq_3472f7ae: 'Qwen2DecoderLayer' object has no attribute 'output'
2026-08-13 13:41:22,892 WARNING layer sweep cache failed on bbq_3472f7ae: 'Qwen2DecoderLayer' object has no attribute 'output'
2026-08-13 13:41:22,894 WARNING layer sweep cache failed on bbq_3472f7ae: 'Qwen2DecoderLayer' object has no attribute 'output'
2026-08-13 13:41:22,897 WARNING layer sweep cache failed on bbq_347baf4c: 'Qwen2DecoderLayer' object has no attribute 'output'
2026-08-13 13:41:22,900 WARNING layer sweep cache failed on bbq_347baf4c: 'Qwen2DecoderLayer' object has no attribute 'output'
2026-08-13 13:41:22,902 WARNING layer sweep cache failed on bbq_347baf4c: 'Qwen2DecoderLayer' object has no attribute 'output'
2026-08-13 13:41:22,905 WARNING layer sweep cache failed on bbq_364293a8: 'Qwen2DecoderLayer' object has no attribute 'output'
2026-08-13 13:41:22,908 WARNING layer sweep cache failed on bbq_366c97d9: 'Qwen2DecoderLayer' object has no attribute 'output'
2026-08-13 13:41:22,911 WARNING layer sweep cache failed on bbq_3938e3f1: 'Qwen2DecoderLayer' object has no attribute 'output'
2026-08-13 13:41:22,914 WARNING layer sweep cache failed on bbq_3938e3f1: 'Qwen2DecoderLayer' object has no attribute 'output'
2026-08-13 13:41:22,917 WARNING layer sweep cache failed on bbq_3938e3f1: 'Qwen2DecoderLayer' object has no attribute 'output'
2026-08-13 13:41:22,920 WARNING layer sweep cache failed on bbq_3b724457: 'Qwen2DecoderLayer' object has no attribute 'output'
2026-08-13 13:41:22,922 WARNING layer sweep cache failed on bbq_3b724457: 'Qwen2DecoderLayer' object has no attribute 'output'
2026-08-13 13:41:22,926 WARNING layer sweep cache failed on bbq_3b79c94b: 'Qwen2DecoderLayer' object has no attribute 'output'
2026-08-13 13:41:22,929 WARNING layer sweep cache failed on bbq_3b8753db: 'Qwen2DecoderLayer' object has no attribute 'output'
2026-08-13 13:41:22,932 WARNING layer sweep cache failed on bbq_3b8753db: 'Qwen2DecoderLayer' object has no attribute 'output'
2026-08-13 13:41:22,935 WARNING layer sweep cache failed on bbq_3b8753db: 'Qwen2DecoderLayer' object has no attribute 'output'
2026-08-13 13:41:22,938 WARNING layer sweep cache failed on bbq_3c495bcc: 'Qwen2DecoderLayer' object has no attribute 'output'
2026-08-13 13:41:22,940 WARNING layer sweep cache failed on bbq_3c495bcc: 'Qwen2DecoderLayer' object has no attribute 'output'
2026-08-13 13:41:22,943 WARNING layer sweep cache failed on bbq_3c495bcc: 'Qwen2DecoderLayer' object has no attribute 'output'
2026-08-13 13:41:22,945 WARNING layer sweep cache failed on bbq_3c9b2e5f: 'Qwen2DecoderLayer' object has no attribute 'output'
2026-08-13 13:41:22,948 WARNING layer sweep cache failed on bbq_3c9b2e5f: 'Qwen2DecoderLayer' object has no attribute 'output'
2026-08-13 13:41:22,950 WARNING layer sweep cache failed on bbq_3c9b2e5f: 'Qwen2DecoderLayer' object has no attribute 'output'
2026-08-13 13:41:22,953 WARNING layer sweep cache failed on bbq_3f9a4583: 'Qwen2DecoderLayer' object has no attribute 'output'
2026-08-13 13:41:22,957 WARNING layer sweep cache failed on bbq_3f9a4583: 'Qwen2DecoderLayer' object has no attribute 'output'
2026-08-13 13:41:22,961 WARNING layer sweep cache failed on bbq_3f9a4583: 'Qwen2DecoderLayer' object has no attribute 'output'
2026-08-13 13:41:22,964 WARNING layer sweep cache failed on bbq_40166a07: 'Qwen2DecoderLayer' object has no attribute 'output'
2026-08-13 13:41:22,967 WARNING layer sweep cache failed on bbq_40166a07: 'Qwen2DecoderLayer' object has no attribute 'output'
2026-08-13 13:41:22,969 WARNING layer sweep cache failed on bbq_43d6c080: 'Qwen2DecoderLayer' object has no attribute 'output'
2026-08-13 13:41:22,971 WARNING layer sweep cache failed on bbq_43d6c080: 'Qwen2DecoderLayer' object has no attribute 'output'
2026-08-13 13:41:22,974 WARNING layer sweep cache failed on bbq_43d6c080: 'Qwen2DecoderLayer' object has no attribute 'output'
2026-08-13 13:41:22,976 WARNING layer sweep cache failed on bbq_43d6c080: 'Qwen2DecoderLayer' object has no attribute 'output'
2026-08-13 13:41:22,979 WARNING layer sweep cache failed on bbq_440c2b80: 'Qwen2DecoderLayer' object has no attribute 'output'
2026-08-13 13:41:22,983 WARNING layer sweep cache failed on bbq_44ba2b3b: 'Qwen2DecoderLayer' object has no attribute 'output'
2026-08-13 13:41:22,985 WARNING layer sweep cache failed on bbq_44f4373d: 'Qwen2DecoderLayer' object has no attribute 'output'
2026-08-13 13:41:22,987 WARNING layer sweep cache failed on bbq_45d0f5c0: 'Qwen2DecoderLayer' object has no attribute 'output'
2026-08-13 13:41:22,990 WARNING layer sweep cache failed on bbq_45d0f5c0: 'Qwen2DecoderLayer' object has no attribute 'output'
2026-08-13 13:41:22,993 WARNING layer sweep cache failed on bbq_45d0f5c0: 'Qwen2DecoderLayer' object has no attribute 'output'
2026-08-13 13:41:22,995 WARNING layer sweep cache failed on bbq_45d0f5c0: 'Qwen2DecoderLayer' object has no attribute 'output'
2026-08-13 13:41:22,999 WARNING layer sweep cache failed on bbq_468a997e: 'Qwen2DecoderLayer' object has no attribute 'output'
2026-08-13 13:41:23,002 WARNING layer sweep cache failed on bbq_468a997e: 'Qwen2DecoderLayer' object has no attribute 'output'
2026-08-13 13:41:23,006 WARNING layer sweep cache failed on bbq_468a997e: 'Qwen2DecoderLayer' object has no attribute 'output'
2026-08-13 13:41:23,009 WARNING layer sweep cache failed on bbq_46904ba1: 'Qwen2DecoderLayer' object has no attribute 'output'
2026-08-13 13:41:23,013 WARNING layer sweep cache failed on bbq_46904ba1: 'Qwen2DecoderLayer' object has no attribute 'output'
2026-08-13 13:41:23,015 WARNING layer sweep cache failed on bbq_46e28cb8: 'Qwen2DecoderLayer' object has no attribute 'output'
2026-08-13 13:41:23,018 WARNING layer sweep cache failed on bbq_46e28cb8: 'Qwen2DecoderLayer' object has no attribute 'output'
2026-08-13 13:41:23,021 WARNING layer sweep cache failed on bbq_46e28cb8: 'Qwen2DecoderLayer' object has no attribute 'output'
2026-08-13 13:41:23,023 WARNING layer sweep cache failed on bbq_482c7b86: 'Qwen2DecoderLayer' object has no attribute 'output'
2026-08-13 13:41:23,026 WARNING layer sweep cache failed on bbq_49a3403f: 'Qwen2DecoderLayer' object has no attribute 'output'
2026-08-13 13:41:23,029 WARNING layer sweep cache failed on bbq_49a3403f: 'Qwen2DecoderLayer' object has no attribute 'output'
2026-08-13 13:41:23,032 WARNING layer sweep cache failed on bbq_49a3403f: 'Qwen2DecoderLayer' object has no attribute 'output'
2026-08-13 13:41:23,035 WARNING layer sweep cache failed on bbq_49a3403f: 'Qwen2DecoderLayer' object has no attribute 'output'
2026-08-13 13:41:23,037 WARNING layer sweep cache failed on bbq_49c614de: 'Qwen2DecoderLayer' object has no attribute 'output'
2026-08-13 13:41:23,040 WARNING layer sweep cache failed on bbq_4a6c601b: 'Qwen2DecoderLayer' object has no attribute 'output'
2026-08-13 13:41:23,043 WARNING layer sweep cache failed on bbq_4a6c601b: 'Qwen2DecoderLayer' object has no attribute 'output'
2026-08-13 13:41:23,046 WARNING layer sweep cache failed on bbq_4a6c601b: 'Qwen2DecoderLayer' object has no attribute 'output'
2026-08-13 13:41:23,049 WARNING layer sweep cache failed on bbq_4b233e5a: 'Qwen2DecoderLayer' object has no attribute 'output'
2026-08-13 13:41:23,052 WARNING layer sweep cache failed on bbq_4b233e5a: 'Qwen2DecoderLayer' object has no attribute 'output'
2026-08-13 13:41:23,054 WARNING layer sweep cache failed on bbq_4ca44312: 'Qwen2DecoderLayer' object has no attribute 'output'
2026-08-13 13:41:23,057 WARNING layer sweep cache failed on bbq_4da62669: 'Qwen2DecoderLayer' object has no attribute 'output'
2026-08-13 13:41:23,060 WARNING layer sweep cache failed on bbq_4da62669: 'Qwen2DecoderLayer' object has no attribute 'output'
2026-08-13 13:41:23,062 WARNING layer sweep cache failed on bbq_4da62669: 'Qwen2DecoderLayer' object has no attribute 'output'
2026-08-13 13:41:23,065 WARNING layer sweep cache failed on bbq_4da62669: 'Qwen2DecoderLayer' object has no attribute 'output'
2026-08-13 13:41:23,068 WARNING layer sweep cache failed on bbq_4f023019: 'Qwen2DecoderLayer' object has no attribute 'output'
2026-08-13 13:41:23,071 WARNING layer sweep cache failed on bbq_4f0ea203: 'Qwen2DecoderLayer' object has no attribute 'output'
2026-08-13 13:41:23,075 WARNING layer sweep cache failed on bbq_50561926: 'Qwen2DecoderLayer' object has no attribute 'output'
2026-08-13 13:41:23,081 WARNING layer sweep cache failed on bbq_510f85f0: 'Qwen2DecoderLayer' object has no attribute 'output'
2026-08-13 13:41:23,086 WARNING layer sweep cache failed on bbq_510f85f0: 'Qwen2DecoderLayer' object has no attribute 'output'
2026-08-13 13:41:23,090 WARNING layer sweep cache failed on bbq_510f85f0: 'Qwen2DecoderLayer' object has no attribute 'output'
2026-08-13 13:41:23,093 WARNING layer sweep cache failed on bbq_5171f9e5: 'Qwen2DecoderLayer' object has no attribute 'output'
2026-08-13 13:41:23,097 WARNING layer sweep cache failed on bbq_5171f9e5: 'Qwen2DecoderLayer' object has no attribute 'output'
2026-08-13 13:41:23,100 WARNING layer sweep cache failed on bbq_5171f9e5: 'Qwen2DecoderLayer' object has no attribute 'output'
2026-08-13 13:41:23,103 WARNING layer sweep cache failed on bbq_52f21d07: 'Qwen2DecoderLayer' object has no attribute 'output'
2026-08-13 13:41:23,107 WARNING layer sweep cache failed on bbq_52f21d07: 'Qwen2DecoderLayer' object has no attribute 'output'
2026-08-13 13:41:23,110 WARNING layer sweep cache failed on bbq_52f21d07: 'Qwen2DecoderLayer' object has no attribute 'output'
2026-08-13 13:41:23,114 WARNING layer sweep cache failed on bbq_52f21d07: 'Qwen2DecoderLayer' object has no attribute 'output'
2026-08-13 13:41:23,117 WARNING layer sweep cache failed on bbq_54652806: 'Qwen2DecoderLayer' object has no attribute 'output'
2026-08-13 13:41:23,120 WARNING layer sweep cache failed on bbq_54652806: 'Qwen2DecoderLayer' object has no attribute 'output'
2026-08-13 13:41:23,123 WARNING layer sweep cache failed on bbq_5502ca27: 'Qwen2DecoderLayer' object has no attribute 'output'
2026-08-13 13:41:23,126 WARNING layer sweep cache failed on bbq_5502ca27: 'Qwen2DecoderLayer' object has no attribute 'output'
2026-08-13 13:41:23,129 WARNING layer sweep cache failed on bbq_5502ca27: 'Qwen2DecoderLayer' object has no attribute 'output'
2026-08-13 13:41:23,132 WARNING layer sweep cache failed on bbq_5502ca27: 'Qwen2DecoderLayer' object has no attribute 'output'
2026-08-13 13:41:23,135 WARNING layer sweep cache failed on bbq_588ef8b2: 'Qwen2DecoderLayer' object has no attribute 'output'
2026-08-13 13:41:23,138 WARNING layer sweep cache failed on bbq_588ef8b2: 'Qwen2DecoderLayer' object has no attribute 'output'
2026-08-13 13:41:23,142 WARNING layer sweep cache failed on bbq_588ef8b2: 'Qwen2DecoderLayer' object has no attribute 'output'
2026-08-13 13:41:23,145 WARNING layer sweep cache failed on bbq_59b9c262: 'Qwen2DecoderLayer' object has no attribute 'output'
2026-08-13 13:41:23,148 WARNING layer sweep cache failed on bbq_59b9c262: 'Qwen2DecoderLayer' object has no attribute 'output'
2026-08-13 13:41:23,150 WARNING layer sweep cache failed on bbq_59b9c262: 'Qwen2DecoderLayer' object has no attribute 'output'
2026-08-13 13:41:23,153 WARNING layer sweep cache failed on bbq_5c9a8328: 'Qwen2DecoderLayer' object has no attribute 'output'
2026-08-13 13:41:23,156 WARNING layer sweep cache failed on bbq_5ce750fa: 'Qwen2DecoderLayer' object has no attribute 'output'
2026-08-13 13:41:23,159 WARNING layer sweep cache failed on bbq_5d867cd5: 'Qwen2DecoderLayer' object has no attribute 'output'
2026-08-13 13:41:23,162 WARNING layer sweep cache failed on bbq_5d867cd5: 'Qwen2DecoderLayer' object has no attribute 'output'
2026-08-13 13:41:23,165 WARNING layer sweep cache failed on bbq_5d867cd5: 'Qwen2DecoderLayer' object has no attribute 'output'
2026-08-13 13:41:23,168 WARNING layer sweep cache failed on bbq_5d867cd5: 'Qwen2DecoderLayer' object has no attribute 'output'
2026-08-13 13:41:23,171 WARNING layer sweep cache failed on bbq_5d867cd5: 'Qwen2DecoderLayer' object has no attribute 'output'
2026-08-13 13:41:23,174 WARNING layer sweep cache failed on bbq_5d867cd5: 'Qwen2DecoderLayer' object has no attribute 'output'
2026-08-13 13:41:23,177 WARNING layer sweep cache failed on bbq_5e181dc0: 'Qwen2DecoderLayer' object has no attribute 'output'
2026-08-13 13:41:23,181 WARNING layer sweep cache failed on bbq_5eb54c0c: 'Qwen2DecoderLayer' object has no attribute 'output'
2026-08-13 13:41:23,184 WARNING layer sweep cache failed on bbq_5eb54c0c: 'Qwen2DecoderLayer' object has no attribute 'output'
2026-08-13 13:41:23,187 WARNING layer sweep cache failed on bbq_5eb54c0c: 'Qwen2DecoderLayer' object has no attribute 'output'
2026-08-13 13:41:23,190 WARNING layer sweep cache failed on bbq_5eb54c0c: 'Qwen2DecoderLayer' object has no attribute 'output'
2026-08-13 13:41:23,193 WARNING layer sweep cache failed on bbq_5eb54c0c: 'Qwen2DecoderLayer' object has no attribute 'output'
2026-08-13 13:41:23,196 WARNING layer sweep cache failed on bbq_5f548c22: 'Qwen2DecoderLayer' object has no attribute 'output'
2026-08-13 13:41:23,200 WARNING layer sweep cache failed on bbq_5f548c22: 'Qwen2DecoderLayer' object has no attribute 'output'
2026-08-13 13:41:23,202 WARNING layer sweep cache failed on bbq_60b5b3a4: 'Qwen2DecoderLayer' object has no attribute 'output'
2026-08-13 13:41:23,204 WARNING layer sweep cache failed on bbq_60b5b3a4: 'Qwen2DecoderLayer' object has no attribute 'output'
2026-08-13 13:41:23,207 WARNING layer sweep cache failed on bbq_60b5b3a4: 'Qwen2DecoderLayer' object has no attribute 'output'
2026-08-13 13:41:23,209 WARNING layer sweep cache failed on bbq_627467df: 'Qwen2DecoderLayer' object has no attribute 'output'
2026-08-13 13:41:23,212 WARNING layer sweep cache failed on bbq_627467df: 'Qwen2DecoderLayer' object has no attribute 'output'
2026-08-13 13:41:23,214 WARNING layer sweep cache failed on bbq_627467df: 'Qwen2DecoderLayer' object has no attribute 'output'
2026-08-13 13:41:23,216 WARNING layer sweep cache failed on bbq_627467df: 'Qwen2DecoderLayer' object has no attribute 'output'
2026-08-13 13:41:23,219 WARNING layer sweep cache failed on bbq_63428172: 'Qwen2DecoderLayer' object has no attribute 'output'
2026-08-13 13:41:23,221 WARNING layer sweep cache failed on bbq_64420416: 'Qwen2DecoderLayer' object has no attribute 'output'
2026-08-13 13:41:23,224 WARNING layer sweep cache failed on bbq_64420416: 'Qwen2DecoderLayer' object has no attribute 'output'
2026-08-13 13:41:23,226 WARNING layer sweep cache failed on bbq_65dc06c1: 'Qwen2DecoderLayer' object has no attribute 'output'
2026-08-13 13:41:23,228 WARNING layer sweep cache failed on bbq_65dc06c1: 'Qwen2DecoderLayer' object has no attribute 'output'
2026-08-13 13:41:23,231 WARNING layer sweep cache failed on bbq_6af72176: 'Qwen2DecoderLayer' object has no attribute 'output'
2026-08-13 13:41:23,233 WARNING layer sweep cache failed on bbq_6c35c88e: 'Qwen2DecoderLayer' object has no attribute 'output'
2026-08-13 13:41:23,235 WARNING layer sweep cache failed on bbq_6c35c88e: 'Qwen2DecoderLayer' object has no attribute 'output'
2026-08-13 13:41:23,239 WARNING layer sweep cache failed on bbq_6e462afa: 'Qwen2DecoderLayer' object has no attribute 'output'
2026-08-13 13:41:23,242 WARNING layer sweep cache failed on bbq_6e462afa: 'Qwen2DecoderLayer' object has no attribute 'output'
2026-08-13 13:41:23,246 WARNING layer sweep cache failed on bbq_6e462afa: 'Qwen2DecoderLayer' object has no attribute 'output'
2026-08-13 13:41:23,249 WARNING layer sweep cache failed on bbq_6e462afa: 'Qwen2DecoderLayer' object has no attribute 'output'
2026-08-13 13:41:23,252 WARNING layer sweep cache failed on bbq_6e4aeab0: 'Qwen2DecoderLayer' object has no attribute 'output'
2026-08-13 13:41:23,254 WARNING layer sweep cache failed on bbq_6e4aeab0: 'Qwen2DecoderLayer' object has no attribute 'output'
2026-08-13 13:41:23,258 WARNING layer sweep cache failed on bbq_6f81699c: 'Qwen2DecoderLayer' object has no attribute 'output'
2026-08-13 13:41:23,261 WARNING layer sweep cache failed on bbq_6f81699c: 'Qwen2DecoderLayer' object has no attribute 'output'
2026-08-13 13:41:23,264 WARNING layer sweep cache failed on bbq_6f81699c: 'Qwen2DecoderLayer' object has no attribute 'output'
2026-08-13 13:41:23,268 WARNING layer sweep cache failed on bbq_6f81699c: 'Qwen2DecoderLayer' object has no attribute 'output'
2026-08-13 13:41:23,270 WARNING layer sweep cache failed on bbq_70c2d2cc: 'Qwen2DecoderLayer' object has no attribute 'output'
2026-08-13 13:41:23,272 WARNING layer sweep cache failed on bbq_7243a5e3: 'Qwen2DecoderLayer' object has no attribute 'output'
2026-08-13 13:41:23,275 WARNING layer sweep cache failed on bbq_7243a5e3: 'Qwen2DecoderLayer' object has no attribute 'output'
2026-08-13 13:41:23,277 WARNING layer sweep cache failed on bbq_7243a5e3: 'Qwen2DecoderLayer' object has no attribute 'output'
2026-08-13 13:41:23,280 WARNING layer sweep cache failed on bbq_72563be2: 'Qwen2DecoderLayer' object has no attribute 'output'
2026-08-13 13:41:23,282 WARNING layer sweep cache failed on bbq_72563be2: 'Qwen2DecoderLayer' object has no attribute 'output'
2026-08-13 13:41:23,285 WARNING layer sweep cache failed on bbq_7329a5b4: 'Qwen2DecoderLayer' object has no attribute 'output'
2026-08-13 13:41:23,288 WARNING layer sweep cache failed on bbq_74b75a0a: 'Qwen2DecoderLayer' object has no attribute 'output'
2026-08-13 13:41:23,290 WARNING layer sweep cache failed on bbq_74b75a0a: 'Qwen2DecoderLayer' object has no attribute 'output'
2026-08-13 13:41:23,293 WARNING layer sweep cache failed on bbq_74b75a0a: 'Qwen2DecoderLayer' object has no attribute 'output'
2026-08-13 13:41:23,295 WARNING layer sweep cache failed on bbq_74b75a0a: 'Qwen2DecoderLayer' object has no attribute 'output'
2026-08-13 13:41:23,298 WARNING layer sweep cache failed on bbq_74b75a0a: 'Qwen2DecoderLayer' object has no attribute 'output'
2026-08-13 13:41:23,300 WARNING layer sweep cache failed on bbq_74ca54c2: 'Qwen2DecoderLayer' object has no attribute 'output'
2026-08-13 13:41:23,303 WARNING layer sweep cache failed on bbq_74ca54c2: 'Qwen2DecoderLayer' object has no attribute 'output'
2026-08-13 13:41:23,305 WARNING layer sweep cache failed on bbq_75283f61: 'Qwen2DecoderLayer' object has no attribute 'output'
2026-08-13 13:41:23,308 WARNING layer sweep cache failed on bbq_75283f61: 'Qwen2DecoderLayer' object has no attribute 'output'
2026-08-13 13:41:23,311 WARNING layer sweep cache failed on bbq_7583e951: 'Qwen2DecoderLayer' object has no attribute 'output'
2026-08-13 13:41:23,314 WARNING layer sweep cache failed on bbq_7583e951: 'Qwen2DecoderLayer' object has no attribute 'output'
2026-08-13 13:41:23,316 WARNING layer sweep cache failed on bbq_7583e951: 'Qwen2DecoderLayer' object has no attribute 'output'
2026-08-13 13:41:23,319 WARNING layer sweep cache failed on bbq_7583e951: 'Qwen2DecoderLayer' object has no attribute 'output'
2026-08-13 13:41:23,322 WARNING layer sweep cache failed on bbq_7583e951: 'Qwen2DecoderLayer' object has no attribute 'output'
2026-08-13 13:41:23,325 WARNING layer sweep cache failed on bbq_75c79caf: 'Qwen2DecoderLayer' object has no attribute 'output'
2026-08-13 13:41:23,328 WARNING layer sweep cache failed on bbq_75c79caf: 'Qwen2DecoderLayer' object has no attribute 'output'
2026-08-13 13:41:23,331 WARNING layer sweep cache failed on bbq_75c79caf: 'Qwen2DecoderLayer' object has no attribute 'output'
2026-08-13 13:41:23,334 WARNING layer sweep cache failed on bbq_75c79caf: 'Qwen2DecoderLayer' object has no attribute 'output'
2026-08-13 13:41:23,336 WARNING layer sweep cache failed on bbq_75ebb4a5: 'Qwen2DecoderLayer' object has no attribute 'output'
2026-08-13 13:41:23,339 WARNING layer sweep cache failed on bbq_75ebb4a5: 'Qwen2DecoderLayer' object has no attribute 'output'
2026-08-13 13:41:23,341 WARNING layer sweep cache failed on bbq_7644da81: 'Qwen2DecoderLayer' object has no attribute 'output'
2026-08-13 13:41:23,344 WARNING layer sweep cache failed on bbq_77855696: 'Qwen2DecoderLayer' object has no attribute 'output'
2026-08-13 13:41:23,347 WARNING layer sweep cache failed on bbq_77855696: 'Qwen2DecoderLayer' object has no attribute 'output'
2026-08-13 13:41:23,349 WARNING layer sweep cache failed on bbq_7a4ddfa2: 'Qwen2DecoderLayer' object has no attribute 'output'
2026-08-13 13:41:23,352 WARNING layer sweep cache failed on bbq_7a4ddfa2: 'Qwen2DecoderLayer' object has no attribute 'output'
2026-08-13 13:41:23,355 WARNING layer sweep cache failed on bbq_7a4ddfa2: 'Qwen2DecoderLayer' object has no attribute 'output'
2026-08-13 13:41:23,358 WARNING layer sweep cache failed on bbq_7a4ddfa2: 'Qwen2DecoderLayer' object has no attribute 'output'
2026-08-13 13:41:23,360 WARNING layer sweep cache failed on bbq_7ac7961f: 'Qwen2DecoderLayer' object has no attribute 'output'
2026-08-13 13:41:23,362 WARNING layer sweep cache failed on bbq_7ac7961f: 'Qwen2DecoderLayer' object has no attribute 'output'
2026-08-13 13:41:23,364 WARNING layer sweep cache failed on bbq_7ac7961f: 'Qwen2DecoderLayer' object has no attribute 'output'
2026-08-13 13:41:23,367 WARNING layer sweep cache failed on bbq_7dd63ca2: 'Qwen2DecoderLayer' object has no attribute 'output'
2026-08-13 13:41:23,370 WARNING layer sweep cache failed on bbq_7effc177: 'Qwen2DecoderLayer' object has no attribute 'output'
2026-08-13 13:41:23,373 WARNING layer sweep cache failed on bbq_7effc177: 'Qwen2DecoderLayer' object has no attribute 'output'
2026-08-13 13:41:23,375 WARNING layer sweep cache failed on bbq_7effc177: 'Qwen2DecoderLayer' object has no attribute 'output'
2026-08-13 13:41:23,378 WARNING layer sweep cache failed on bbq_805bd9be: 'Qwen2DecoderLayer' object has no attribute 'output'
2026-08-13 13:41:23,380 WARNING layer sweep cache failed on bbq_805bd9be: 'Qwen2DecoderLayer' object has no attribute 'output'
2026-08-13 13:41:23,383 WARNING layer sweep cache failed on bbq_8131e175: 'Qwen2DecoderLayer' object has no attribute 'output'
2026-08-13 13:41:23,386 WARNING layer sweep cache failed on bbq_8131e175: 'Qwen2DecoderLayer' object has no attribute 'output'
2026-08-13 13:41:23,389 WARNING layer sweep cache failed on bbq_81adbb45: 'Qwen2DecoderLayer' object has no attribute 'output'
2026-08-13 13:41:23,393 WARNING layer sweep cache failed on bbq_81adbb45: 'Qwen2DecoderLayer' object has no attribute 'output'
2026-08-13 13:41:23,396 WARNING layer sweep cache failed on bbq_81adbb45: 'Qwen2DecoderLayer' object has no attribute 'output'
2026-08-13 13:41:23,399 WARNING layer sweep cache failed on bbq_81fe0d7d: 'Qwen2DecoderLayer' object has no attribute 'output'
2026-08-13 13:41:23,402 WARNING layer sweep cache failed on bbq_81fe0d7d: 'Qwen2DecoderLayer' object has no attribute 'output'
2026-08-13 13:41:23,405 WARNING layer sweep cache failed on bbq_81fe0d7d: 'Qwen2DecoderLayer' object has no attribute 'output'
2026-08-13 13:41:23,408 WARNING layer sweep cache failed on bbq_81fe0d7d: 'Qwen2DecoderLayer' object has no attribute 'output'
2026-08-13 13:41:23,410 WARNING layer sweep cache failed on bbq_83a4cacb: 'Qwen2DecoderLayer' object has no attribute 'output'
2026-08-13 13:41:23,413 WARNING layer sweep cache failed on bbq_83a4cacb: 'Qwen2DecoderLayer' object has no attribute 'output'
2026-08-13 13:41:23,415 WARNING layer sweep cache failed on bbq_85b8474c: 'Qwen2DecoderLayer' object has no attribute 'output'
2026-08-13 13:41:23,417 WARNING layer sweep cache failed on bbq_85b8474c: 'Qwen2DecoderLayer' object has no attribute 'output'
2026-08-13 13:41:23,419 WARNING layer sweep cache failed on bbq_85b8474c: 'Qwen2DecoderLayer' object has no attribute 'output'
2026-08-13 13:41:23,422 WARNING layer sweep cache failed on bbq_869d8d85: 'Qwen2DecoderLayer' object has no attribute 'output'
2026-08-13 13:41:23,425 WARNING layer sweep cache failed on bbq_869d8d85: 'Qwen2DecoderLayer' object has no attribute 'output'
2026-08-13 13:41:23,428 WARNING layer sweep cache failed on bbq_86e23f62: 'Qwen2DecoderLayer' object has no attribute 'output'
2026-08-13 13:41:23,431 WARNING layer sweep cache failed on bbq_89a9ab5a: 'Qwen2DecoderLayer' object has no attribute 'output'
2026-08-13 13:41:23,434 WARNING layer sweep cache failed on bbq_89d6e31b: 'Qwen2DecoderLayer' object has no attribute 'output'
2026-08-13 13:41:23,437 WARNING layer sweep cache failed on bbq_8a954ee0: 'Qwen2DecoderLayer' object has no attribute 'output'
2026-08-13 13:41:23,439 WARNING layer sweep cache failed on bbq_8a954ee0: 'Qwen2DecoderLayer' object has no attribute 'output'
2026-08-13 13:41:23,442 WARNING layer sweep cache failed on bbq_8ac29e84: 'Qwen2DecoderLayer' object has no attribute 'output'
2026-08-13 13:41:23,444 WARNING layer sweep cache failed on bbq_8ac29e84: 'Qwen2DecoderLayer' object has no attribute 'output'
2026-08-13 13:41:23,447 WARNING layer sweep cache failed on bbq_8af7d035: 'Qwen2DecoderLayer' object has no attribute 'output'
2026-08-13 13:41:23,451 WARNING layer sweep cache failed on bbq_8af7d035: 'Qwen2DecoderLayer' object has no attribute 'output'
2026-08-13 13:41:23,454 WARNING layer sweep cache failed on bbq_8af7d035: 'Qwen2DecoderLayer' object has no attribute 'output'
2026-08-13 13:41:23,457 WARNING layer sweep cache failed on bbq_8af7d035: 'Qwen2DecoderLayer' object has no attribute 'output'
2026-08-13 13:41:23,460 WARNING layer sweep cache failed on bbq_8bf9e07f: 'Qwen2DecoderLayer' object has no attribute 'output'
2026-08-13 13:41:23,463 WARNING layer sweep cache failed on bbq_8bf9e07f: 'Qwen2DecoderLayer' object has no attribute 'output'
2026-08-13 13:41:23,466 WARNING layer sweep cache failed on bbq_8bf9e07f: 'Qwen2DecoderLayer' object has no attribute 'output'
2026-08-13 13:41:23,469 WARNING layer sweep cache failed on bbq_8f3194c2: 'Qwen2DecoderLayer' object has no attribute 'output'
2026-08-13 13:41:23,471 WARNING layer sweep cache failed on bbq_8f3194c2: 'Qwen2DecoderLayer' object has no attribute 'output'
2026-08-13 13:41:23,474 WARNING layer sweep cache failed on bbq_8f3194c2: 'Qwen2DecoderLayer' object has no attribute 'output'
2026-08-13 13:41:23,476 WARNING layer sweep cache failed on bbq_90426b60: 'Qwen2DecoderLayer' object has no attribute 'output'
2026-08-13 13:41:23,479 WARNING layer sweep cache failed on bbq_90426b60: 'Qwen2DecoderLayer' object has no attribute 'output'
2026-08-13 13:41:23,482 WARNING layer sweep cache failed on bbq_9047dfee: 'Qwen2DecoderLayer' object has no attribute 'output'
2026-08-13 13:41:23,485 WARNING layer sweep cache failed on bbq_922f5e19: 'Qwen2DecoderLayer' object has no attribute 'output'
2026-08-13 13:41:23,487 WARNING layer sweep cache failed on bbq_9452d7df: 'Qwen2DecoderLayer' object has no attribute 'output'
2026-08-13 13:41:23,490 WARNING layer sweep cache failed on bbq_94775afa: 'Qwen2DecoderLayer' object has no attribute 'output'
2026-08-13 13:41:23,494 WARNING layer sweep cache failed on bbq_95c208bb: 'Qwen2DecoderLayer' object has no attribute 'output'
2026-08-13 13:41:23,497 WARNING layer sweep cache failed on bbq_95c208bb: 'Qwen2DecoderLayer' object has no attribute 'output'
2026-08-13 13:41:23,501 WARNING layer sweep cache failed on bbq_95c208bb: 'Qwen2DecoderLayer' object has no attribute 'output'
2026-08-13 13:41:23,504 WARNING layer sweep cache failed on bbq_97b6260a: 'Qwen2DecoderLayer' object has no attribute 'output'
2026-08-13 13:41:23,507 WARNING layer sweep cache failed on bbq_97b6260a: 'Qwen2DecoderLayer' object has no attribute 'output'
2026-08-13 13:41:23,510 WARNING layer sweep cache failed on bbq_9c0fb8a4: 'Qwen2DecoderLayer' object has no attribute 'output'
2026-08-13 13:41:23,513 WARNING layer sweep cache failed on bbq_9d412910: 'Qwen2DecoderLayer' object has no attribute 'output'
2026-08-13 13:41:23,515 WARNING layer sweep cache failed on bbq_9d412910: 'Qwen2DecoderLayer' object has no attribute 'output'
2026-08-13 13:41:23,517 WARNING layer sweep cache failed on bbq_9d412910: 'Qwen2DecoderLayer' object has no attribute 'output'
2026-08-13 13:41:23,520 WARNING layer sweep cache failed on bbq_9d412910: 'Qwen2DecoderLayer' object has no attribute 'output'
2026-08-13 13:41:23,523 WARNING layer sweep cache failed on bbq_9f660a15: 'Qwen2DecoderLayer' object has no attribute 'output'
2026-08-13 13:41:23,527 WARNING layer sweep cache failed on bbq_a22682b2: 'Qwen2DecoderLayer' object has no attribute 'output'
2026-08-13 13:41:23,530 WARNING layer sweep cache failed on bbq_a22682b2: 'Qwen2DecoderLayer' object has no attribute 'output'
2026-08-13 13:41:23,534 WARNING layer sweep cache failed on bbq_a22682b2: 'Qwen2DecoderLayer' object has no attribute 'output'
2026-08-13 13:41:23,537 WARNING layer sweep cache failed on bbq_a2ca4b53: 'Qwen2DecoderLayer' object has no attribute 'output'
2026-08-13 13:41:23,540 WARNING layer sweep cache failed on bbq_a2ca4b53: 'Qwen2DecoderLayer' object has no attribute 'output'
2026-08-13 13:41:23,543 WARNING layer sweep cache failed on bbq_a2ca4b53: 'Qwen2DecoderLayer' object has no attribute 'output'
2026-08-13 13:41:23,545 WARNING layer sweep cache failed on bbq_a2ca4b53: 'Qwen2DecoderLayer' object has no attribute 'output'
2026-08-13 13:41:23,548 WARNING layer sweep cache failed on bbq_a3371fc8: 'Qwen2DecoderLayer' object has no attribute 'output'
2026-08-13 13:41:23,551 WARNING layer sweep cache failed on bbq_a3371fc8: 'Qwen2DecoderLayer' object has no attribute 'output'
2026-08-13 13:41:23,554 WARNING layer sweep cache failed on bbq_a3371fc8: 'Qwen2DecoderLayer' object has no attribute 'output'
2026-08-13 13:41:23,557 WARNING layer sweep cache failed on bbq_a3371fc8: 'Qwen2DecoderLayer' object has no attribute 'output'
2026-08-13 13:41:23,560 WARNING layer sweep cache failed on bbq_a350ecea: 'Qwen2DecoderLayer' object has no attribute 'output'
2026-08-13 13:41:23,563 WARNING layer sweep cache failed on bbq_a350ecea: 'Qwen2DecoderLayer' object has no attribute 'output'
2026-08-13 13:41:23,566 WARNING layer sweep cache failed on bbq_a55a310c: 'Qwen2DecoderLayer' object has no attribute 'output'
2026-08-13 13:41:23,569 WARNING layer sweep cache failed on bbq_a55a310c: 'Qwen2DecoderLayer' object has no attribute 'output'
2026-08-13 13:41:23,572 WARNING layer sweep cache failed on bbq_a55a310c: 'Qwen2DecoderLayer' object has no attribute 'output'
2026-08-13 13:41:23,575 WARNING layer sweep cache failed on bbq_a565baf2: 'Qwen2DecoderLayer' object has no attribute 'output'
2026-08-13 13:41:23,577 WARNING layer sweep cache failed on bbq_a7c0bb1f: 'Qwen2DecoderLayer' object has no attribute 'output'
2026-08-13 13:41:23,579 WARNING layer sweep cache failed on bbq_a7c0bb1f: 'Qwen2DecoderLayer' object has no attribute 'output'
2026-08-13 13:41:23,581 WARNING layer sweep cache failed on bbq_a7c0bb1f: 'Qwen2DecoderLayer' object has no attribute 'output'
2026-08-13 13:41:23,584 WARNING layer sweep cache failed on bbq_a8c83d06: 'Qwen2DecoderLayer' object has no attribute 'output'
2026-08-13 13:41:23,586 WARNING layer sweep cache failed on bbq_a8c83d06: 'Qwen2DecoderLayer' object has no attribute 'output'
2026-08-13 13:41:23,589 WARNING layer sweep cache failed on bbq_a8c83d06: 'Qwen2DecoderLayer' object has no attribute 'output'
2026-08-13 13:41:23,592 WARNING layer sweep cache failed on bbq_a9badfe7: 'Qwen2DecoderLayer' object has no attribute 'output'
2026-08-13 13:41:23,595 WARNING layer sweep cache failed on bbq_a9badfe7: 'Qwen2DecoderLayer' object has no attribute 'output'
2026-08-13 13:41:23,598 WARNING layer sweep cache failed on bbq_a9badfe7: 'Qwen2DecoderLayer' object has no attribute 'output'
2026-08-13 13:41:23,601 WARNING layer sweep cache failed on bbq_aa908541: 'Qwen2DecoderLayer' object has no attribute 'output'
2026-08-13 13:41:23,604 WARNING layer sweep cache failed on bbq_aa908541: 'Qwen2DecoderLayer' object has no attribute 'output'
2026-08-13 13:41:23,607 WARNING layer sweep cache failed on bbq_aa908541: 'Qwen2DecoderLayer' object has no attribute 'output'
2026-08-13 13:41:23,610 WARNING layer sweep cache failed on bbq_aa908541: 'Qwen2DecoderLayer' object has no attribute 'output'
2026-08-13 13:41:23,613 WARNING layer sweep cache failed on bbq_ababb2ec: 'Qwen2DecoderLayer' object has no attribute 'output'
2026-08-13 13:41:23,617 WARNING layer sweep cache failed on bbq_ababb2ec: 'Qwen2DecoderLayer' object has no attribute 'output'
2026-08-13 13:41:23,620 WARNING layer sweep cache failed on bbq_ababb2ec: 'Qwen2DecoderLayer' object has no attribute 'output'
2026-08-13 13:41:23,624 WARNING layer sweep cache failed on bbq_abf24e99: 'Qwen2DecoderLayer' object has no attribute 'output'
2026-08-13 13:41:23,628 WARNING layer sweep cache failed on bbq_abf24e99: 'Qwen2DecoderLayer' object has no attribute 'output'
2026-08-13 13:41:23,631 WARNING layer sweep cache failed on bbq_abf24e99: 'Qwen2DecoderLayer' object has no attribute 'output'
2026-08-13 13:41:23,635 WARNING layer sweep cache failed on bbq_abf24e99: 'Qwen2DecoderLayer' object has no attribute 'output'
2026-08-13 13:41:23,637 WARNING layer sweep cache failed on bbq_ae5665b8: 'Qwen2DecoderLayer' object has no attribute 'output'
2026-08-13 13:41:23,641 WARNING layer sweep cache failed on bbq_b0d0d8a6: 'Qwen2DecoderLayer' object has no attribute 'output'
2026-08-13 13:41:23,644 WARNING layer sweep cache failed on bbq_b0d0d8a6: 'Qwen2DecoderLayer' object has no attribute 'output'
2026-08-13 13:41:23,648 WARNING layer sweep cache failed on bbq_b2236867: 'Qwen2DecoderLayer' object has no attribute 'output'
2026-08-13 13:41:23,651 WARNING layer sweep cache failed on bbq_b2236867: 'Qwen2DecoderLayer' object has no attribute 'output'
2026-08-13 13:41:23,655 WARNING layer sweep cache failed on bbq_b2236867: 'Qwen2DecoderLayer' object has no attribute 'output'
2026-08-13 13:41:23,658 WARNING layer sweep cache failed on bbq_b2236867: 'Qwen2DecoderLayer' object has no attribute 'output'
2026-08-13 13:41:23,662 WARNING layer sweep cache failed on bbq_b2236867: 'Qwen2DecoderLayer' object has no attribute 'output'
2026-08-13 13:41:23,665 WARNING layer sweep cache failed on bbq_b2236867: 'Qwen2DecoderLayer' object has no attribute 'output'
2026-08-13 13:41:23,668 WARNING layer sweep cache failed on bbq_b298d32c: 'Qwen2DecoderLayer' object has no attribute 'output'
2026-08-13 13:41:23,672 WARNING layer sweep cache failed on bbq_b298d32c: 'Qwen2DecoderLayer' object has no attribute 'output'
2026-08-13 13:41:23,674 WARNING layer sweep cache failed on bbq_b2be50e5: 'Qwen2DecoderLayer' object has no attribute 'output'
2026-08-13 13:41:23,676 WARNING layer sweep cache failed on bbq_b2be50e5: 'Qwen2DecoderLayer' object has no attribute 'output'
2026-08-13 13:41:23,679 WARNING layer sweep cache failed on bbq_b2ca1606: 'Qwen2DecoderLayer' object has no attribute 'output'
2026-08-13 13:41:23,682 WARNING layer sweep cache failed on bbq_b55da45c: 'Qwen2DecoderLayer' object has no attribute 'output'
2026-08-13 13:41:23,685 WARNING layer sweep cache failed on bbq_b64ef971: 'Qwen2DecoderLayer' object has no attribute 'output'
2026-08-13 13:41:23,689 WARNING layer sweep cache failed on bbq_b64ef971: 'Qwen2DecoderLayer' object has no attribute 'output'
2026-08-13 13:41:23,692 WARNING layer sweep cache failed on bbq_b64ef971: 'Qwen2DecoderLayer' object has no attribute 'output'
2026-08-13 13:41:23,696 WARNING layer sweep cache failed on bbq_b64ef971: 'Qwen2DecoderLayer' object has no attribute 'output'
2026-08-13 13:41:23,699 WARNING layer sweep cache failed on bbq_b6c251ec: 'Qwen2DecoderLayer' object has no attribute 'output'
2026-08-13 13:41:23,702 WARNING layer sweep cache failed on bbq_b6c251ec: 'Qwen2DecoderLayer' object has no attribute 'output'
2026-08-13 13:41:23,705 WARNING layer sweep cache failed on bbq_b7575a13: 'Qwen2DecoderLayer' object has no attribute 'output'
2026-08-13 13:41:23,708 WARNING layer sweep cache failed on bbq_b7ee1adf: 'Qwen2DecoderLayer' object has no attribute 'output'
2026-08-13 13:41:23,711 WARNING layer sweep cache failed on bbq_b7ee1adf: 'Qwen2DecoderLayer' object has no attribute 'output'
2026-08-13 13:41:23,713 WARNING layer sweep cache failed on bbq_ba61358c: 'Qwen2DecoderLayer' object has no attribute 'output'
2026-08-13 13:41:23,716 WARNING layer sweep cache failed on bbq_bac8dd57: 'Qwen2DecoderLayer' object has no attribute 'output'
2026-08-13 13:41:23,718 WARNING layer sweep cache failed on bbq_bac8dd57: 'Qwen2DecoderLayer' object has no attribute 'output'
2026-08-13 13:41:23,722 WARNING layer sweep cache failed on bbq_bb91b774: 'Qwen2DecoderLayer' object has no attribute 'output'
2026-08-13 13:41:23,725 WARNING layer sweep cache failed on bbq_bb91b774: 'Qwen2DecoderLayer' object has no attribute 'output'
2026-08-13 13:41:23,728 WARNING layer sweep cache failed on bbq_bb91b774: 'Qwen2DecoderLayer' object has no attribute 'output'
2026-08-13 13:41:23,731 WARNING layer sweep cache failed on bbq_bb91b774: 'Qwen2DecoderLayer' object has no attribute 'output'
2026-08-13 13:41:23,734 WARNING layer sweep cache failed on bbq_bb91b774: 'Qwen2DecoderLayer' object has no attribute 'output'
2026-08-13 13:41:23,737 WARNING layer sweep cache failed on bbq_c1b8a802: 'Qwen2DecoderLayer' object has no attribute 'output'
2026-08-13 13:41:23,740 WARNING layer sweep cache failed on bbq_c5852dfa: 'Qwen2DecoderLayer' object has no attribute 'output'
2026-08-13 13:41:23,742 WARNING layer sweep cache failed on bbq_c58deb3d: 'Qwen2DecoderLayer' object has no attribute 'output'
2026-08-13 13:41:23,744 WARNING layer sweep cache failed on bbq_c58deb3d: 'Qwen2DecoderLayer' object has no attribute 'output'
2026-08-13 13:41:23,747 WARNING layer sweep cache failed on bbq_c58deb3d: 'Qwen2DecoderLayer' object has no attribute 'output'
2026-08-13 13:41:23,749 WARNING layer sweep cache failed on bbq_c58deb3d: 'Qwen2DecoderLayer' object has no attribute 'output'
2026-08-13 13:41:23,752 WARNING layer sweep cache failed on bbq_c5e7c23a: 'Qwen2DecoderLayer' object has no attribute 'output'
2026-08-13 13:41:23,754 WARNING layer sweep cache failed on bbq_c65dffbe: 'Qwen2DecoderLayer' object has no attribute 'output'
2026-08-13 13:41:23,757 WARNING layer sweep cache failed on bbq_c65dffbe: 'Qwen2DecoderLayer' object has no attribute 'output'
2026-08-13 13:41:23,760 WARNING layer sweep cache failed on bbq_c756d81d: 'Qwen2DecoderLayer' object has no attribute 'output'
2026-08-13 13:41:23,762 WARNING layer sweep cache failed on bbq_c756d81d: 'Qwen2DecoderLayer' object has no attribute 'output'
2026-08-13 13:41:23,765 WARNING layer sweep cache failed on bbq_c829c21d: 'Qwen2DecoderLayer' object has no attribute 'output'
2026-08-13 13:41:23,767 WARNING layer sweep cache failed on bbq_c829c21d: 'Qwen2DecoderLayer' object has no attribute 'output'
2026-08-13 13:41:23,770 WARNING layer sweep cache failed on bbq_c8317710: 'Qwen2DecoderLayer' object has no attribute 'output'
2026-08-13 13:41:23,774 WARNING layer sweep cache failed on bbq_c8317710: 'Qwen2DecoderLayer' object has no attribute 'output'
2026-08-13 13:41:23,777 WARNING layer sweep cache failed on bbq_c8317710: 'Qwen2DecoderLayer' object has no attribute 'output'
2026-08-13 13:41:23,780 WARNING layer sweep cache failed on bbq_c8610b36: 'Qwen2DecoderLayer' object has no attribute 'output'
2026-08-13 13:41:23,783 WARNING layer sweep cache failed on bbq_c8dac5a5: 'Qwen2DecoderLayer' object has no attribute 'output'
2026-08-13 13:41:23,786 WARNING layer sweep cache failed on bbq_c8eac6dd: 'Qwen2DecoderLayer' object has no attribute 'output'
2026-08-13 13:41:23,788 WARNING layer sweep cache failed on bbq_c8eac6dd: 'Qwen2DecoderLayer' object has no attribute 'output'
2026-08-13 13:41:23,792 WARNING layer sweep cache failed on bbq_c9197208: 'Qwen2DecoderLayer' object has no attribute 'output'
2026-08-13 13:41:23,795 WARNING layer sweep cache failed on bbq_cad805ce: 'Qwen2DecoderLayer' object has no attribute 'output'
2026-08-13 13:41:23,798 WARNING layer sweep cache failed on bbq_cad805ce: 'Qwen2DecoderLayer' object has no attribute 'output'
2026-08-13 13:41:23,802 WARNING layer sweep cache failed on bbq_caf9cc05: 'Qwen2DecoderLayer' object has no attribute 'output'
2026-08-13 13:41:23,806 WARNING layer sweep cache failed on bbq_caf9cc05: 'Qwen2DecoderLayer' object has no attribute 'output'
2026-08-13 13:41:23,810 WARNING layer sweep cache failed on bbq_cd1106d7: 'Qwen2DecoderLayer' object has no attribute 'output'
2026-08-13 13:41:23,814 WARNING layer sweep cache failed on bbq_cd1106d7: 'Qwen2DecoderLayer' object has no attribute 'output'
2026-08-13 13:41:23,818 WARNING layer sweep cache failed on bbq_cd1106d7: 'Qwen2DecoderLayer' object has no attribute 'output'
2026-08-13 13:41:23,822 WARNING layer sweep cache failed on bbq_cd1106d7: 'Qwen2DecoderLayer' object has no attribute 'output'
2026-08-13 13:41:23,825 WARNING layer sweep cache failed on bbq_cd414e87: 'Qwen2DecoderLayer' object has no attribute 'output'
2026-08-13 13:41:23,828 WARNING layer sweep cache failed on bbq_d02e13d1: 'Qwen2DecoderLayer' object has no attribute 'output'
2026-08-13 13:41:23,832 WARNING layer sweep cache failed on bbq_d0575bc7: 'Qwen2DecoderLayer' object has no attribute 'output'
2026-08-13 13:41:23,835 WARNING layer sweep cache failed on bbq_d05dad28: 'Qwen2DecoderLayer' object has no attribute 'output'
2026-08-13 13:41:23,837 WARNING layer sweep cache failed on bbq_d06f99f9: 'Qwen2DecoderLayer' object has no attribute 'output'
2026-08-13 13:41:23,840 WARNING layer sweep cache failed on bbq_d06f99f9: 'Qwen2DecoderLayer' object has no attribute 'output'
2026-08-13 13:41:23,843 WARNING layer sweep cache failed on bbq_d17653f6: 'Qwen2DecoderLayer' object has no attribute 'output'
2026-08-13 13:41:23,845 WARNING layer sweep cache failed on bbq_d2da87a2: 'Qwen2DecoderLayer' object has no attribute 'output'
2026-08-13 13:41:23,847 WARNING layer sweep cache failed on bbq_d2da87a2: 'Qwen2DecoderLayer' object has no attribute 'output'
2026-08-13 13:41:23,850 WARNING layer sweep cache failed on bbq_d6d00484: 'Qwen2DecoderLayer' object has no attribute 'output'
2026-08-13 13:41:23,852 WARNING layer sweep cache failed on bbq_d6d00484: 'Qwen2DecoderLayer' object has no attribute 'output'
2026-08-13 13:41:23,855 WARNING layer sweep cache failed on bbq_d6d00484: 'Qwen2DecoderLayer' object has no attribute 'output'
2026-08-13 13:41:23,858 WARNING layer sweep cache failed on bbq_d7a3b572: 'Qwen2DecoderLayer' object has no attribute 'output'
2026-08-13 13:41:23,861 WARNING layer sweep cache failed on bbq_d7a3b572: 'Qwen2DecoderLayer' object has no attribute 'output'
2026-08-13 13:41:23,864 WARNING layer sweep cache failed on bbq_d7a3b572: 'Qwen2DecoderLayer' object has no attribute 'output'
2026-08-13 13:41:23,867 WARNING layer sweep cache failed on bbq_d7f3d93a: 'Qwen2DecoderLayer' object has no attribute 'output'
2026-08-13 13:41:23,869 WARNING layer sweep cache failed on bbq_d7f3d93a: 'Qwen2DecoderLayer' object has no attribute 'output'
2026-08-13 13:41:23,871 WARNING layer sweep cache failed on bbq_d7f3d93a: 'Qwen2DecoderLayer' object has no attribute 'output'
2026-08-13 13:41:23,874 WARNING layer sweep cache failed on bbq_d7fc8b3a: 'Qwen2DecoderLayer' object has no attribute 'output'
2026-08-13 13:41:23,878 WARNING layer sweep cache failed on bbq_d9251e0a: 'Qwen2DecoderLayer' object has no attribute 'output'
2026-08-13 13:41:23,881 WARNING layer sweep cache failed on bbq_d9251e0a: 'Qwen2DecoderLayer' object has no attribute 'output'
2026-08-13 13:41:23,884 WARNING layer sweep cache failed on bbq_d9251e0a: 'Qwen2DecoderLayer' object has no attribute 'output'
2026-08-13 13:41:23,887 WARNING layer sweep cache failed on bbq_d9251e0a: 'Qwen2DecoderLayer' object has no attribute 'output'
2026-08-13 13:41:23,890 WARNING layer sweep cache failed on bbq_d9494b34: 'Qwen2DecoderLayer' object has no attribute 'output'
2026-08-13 13:41:23,892 WARNING layer sweep cache failed on bbq_d9494b34: 'Qwen2DecoderLayer' object has no attribute 'output'
2026-08-13 13:41:23,895 WARNING layer sweep cache failed on bbq_d9494b34: 'Qwen2DecoderLayer' object has no attribute 'output'
2026-08-13 13:41:23,898 WARNING layer sweep cache failed on bbq_daff6e97: 'Qwen2DecoderLayer' object has no attribute 'output'
2026-08-13 13:41:23,901 WARNING layer sweep cache failed on bbq_daff6e97: 'Qwen2DecoderLayer' object has no attribute 'output'
2026-08-13 13:41:23,903 WARNING layer sweep cache failed on bbq_daff6e97: 'Qwen2DecoderLayer' object has no attribute 'output'
2026-08-13 13:41:23,906 WARNING layer sweep cache failed on bbq_daff6e97: 'Qwen2DecoderLayer' object has no attribute 'output'
2026-08-13 13:41:23,909 WARNING layer sweep cache failed on bbq_dec8f0f1: 'Qwen2DecoderLayer' object has no attribute 'output'
2026-08-13 13:41:23,911 WARNING layer sweep cache failed on bbq_e0c9f3f7: 'Qwen2DecoderLayer' object has no attribute 'output'
2026-08-13 13:41:23,914 WARNING layer sweep cache failed on bbq_e14e22f5: 'Qwen2DecoderLayer' object has no attribute 'output'
2026-08-13 13:41:23,917 WARNING layer sweep cache failed on bbq_e14e22f5: 'Qwen2DecoderLayer' object has no attribute 'output'
2026-08-13 13:41:23,920 WARNING layer sweep cache failed on bbq_e14e22f5: 'Qwen2DecoderLayer' object has no attribute 'output'
2026-08-13 13:41:23,922 WARNING layer sweep cache failed on bbq_e26d0551: 'Qwen2DecoderLayer' object has no attribute 'output'
2026-08-13 13:41:23,925 WARNING layer sweep cache failed on bbq_e26d0551: 'Qwen2DecoderLayer' object has no attribute 'output'
2026-08-13 13:41:23,928 WARNING layer sweep cache failed on bbq_e26d0551: 'Qwen2DecoderLayer' object has no attribute 'output'
2026-08-13 13:41:23,931 WARNING layer sweep cache failed on bbq_e30d453e: 'Qwen2DecoderLayer' object has no attribute 'output'
2026-08-13 13:41:23,933 WARNING layer sweep cache failed on bbq_e30d453e: 'Qwen2DecoderLayer' object has no attribute 'output'
2026-08-13 13:41:23,935 WARNING layer sweep cache failed on bbq_e30d453e: 'Qwen2DecoderLayer' object has no attribute 'output'
2026-08-13 13:41:23,939 WARNING layer sweep cache failed on bbq_e415f450: 'Qwen2DecoderLayer' object has no attribute 'output'
2026-08-13 13:41:23,943 WARNING layer sweep cache failed on bbq_e415f450: 'Qwen2DecoderLayer' object has no attribute 'output'
2026-08-13 13:41:23,947 WARNING layer sweep cache failed on bbq_e415f450: 'Qwen2DecoderLayer' object has no attribute 'output'
2026-08-13 13:41:23,951 WARNING layer sweep cache failed on bbq_e415f450: 'Qwen2DecoderLayer' object has no attribute 'output'
2026-08-13 13:41:23,955 WARNING layer sweep cache failed on bbq_e44281d5: 'Qwen2DecoderLayer' object has no attribute 'output'
2026-08-13 13:41:23,957 WARNING layer sweep cache failed on bbq_e45c2818: 'Qwen2DecoderLayer' object has no attribute 'output'
2026-08-13 13:41:23,959 WARNING layer sweep cache failed on bbq_e45c2818: 'Qwen2DecoderLayer' object has no attribute 'output'
2026-08-13 13:41:23,962 WARNING layer sweep cache failed on bbq_e4db0c2f: 'Qwen2DecoderLayer' object has no attribute 'output'
2026-08-13 13:41:23,965 WARNING layer sweep cache failed on bbq_e5d48a82: 'Qwen2DecoderLayer' object has no attribute 'output'
2026-08-13 13:41:23,968 WARNING layer sweep cache failed on bbq_e704871c: 'Qwen2DecoderLayer' object has no attribute 'output'
2026-08-13 13:41:23,971 WARNING layer sweep cache failed on bbq_e781c9d6: 'Qwen2DecoderLayer' object has no attribute 'output'
2026-08-13 13:41:23,974 WARNING layer sweep cache failed on bbq_e781c9d6: 'Qwen2DecoderLayer' object has no attribute 'output'
2026-08-13 13:41:23,977 WARNING layer sweep cache failed on bbq_e781c9d6: 'Qwen2DecoderLayer' object has no attribute 'output'
2026-08-13 13:41:23,980 WARNING layer sweep cache failed on bbq_e781c9d6: 'Qwen2DecoderLayer' object has no attribute 'output'
2026-08-13 13:41:23,983 WARNING layer sweep cache failed on bbq_e781c9d6: 'Qwen2DecoderLayer' object has no attribute 'output'
2026-08-13 13:41:23,986 WARNING layer sweep cache failed on bbq_e85d8f93: 'Qwen2DecoderLayer' object has no attribute 'output'
2026-08-13 13:41:23,989 WARNING layer sweep cache failed on bbq_e85d8f93: 'Qwen2DecoderLayer' object has no attribute 'output'
2026-08-13 13:41:23,991 WARNING layer sweep cache failed on bbq_e8640172: 'Qwen2DecoderLayer' object has no attribute 'output'
2026-08-13 13:41:23,993 WARNING layer sweep cache failed on bbq_e8e7363c: 'Qwen2DecoderLayer' object has no attribute 'output'
2026-08-13 13:41:23,995 WARNING layer sweep cache failed on bbq_e8e7363c: 'Qwen2DecoderLayer' object has no attribute 'output'
2026-08-13 13:41:23,997 WARNING layer sweep cache failed on bbq_e8e7363c: 'Qwen2DecoderLayer' object has no attribute 'output'
2026-08-13 13:41:24,000 WARNING layer sweep cache failed on bbq_ec7f2cfb: 'Qwen2DecoderLayer' object has no attribute 'output'
2026-08-13 13:41:24,003 WARNING layer sweep cache failed on bbq_ec7f2cfb: 'Qwen2DecoderLayer' object has no attribute 'output'
2026-08-13 13:41:24,006 WARNING layer sweep cache failed on bbq_ec7f2cfb: 'Qwen2DecoderLayer' object has no attribute 'output'
2026-08-13 13:41:24,009 WARNING layer sweep cache failed on bbq_ec7f2cfb: 'Qwen2DecoderLayer' object has no attribute 'output'
2026-08-13 13:41:24,013 WARNING layer sweep cache failed on bbq_ed5db3b0: 'Qwen2DecoderLayer' object has no attribute 'output'
2026-08-13 13:41:24,016 WARNING layer sweep cache failed on bbq_ed5db3b0: 'Qwen2DecoderLayer' object has no attribute 'output'
2026-08-13 13:41:24,019 WARNING layer sweep cache failed on bbq_ef3eb5e2: 'Qwen2DecoderLayer' object has no attribute 'output'
2026-08-13 13:41:24,021 WARNING layer sweep cache failed on bbq_ef3eb5e2: 'Qwen2DecoderLayer' object has no attribute 'output'
2026-08-13 13:41:24,024 WARNING layer sweep cache failed on bbq_ef8f080b: 'Qwen2DecoderLayer' object has no attribute 'output'
2026-08-13 13:41:24,027 WARNING layer sweep cache failed on bbq_ef8f080b: 'Qwen2DecoderLayer' object has no attribute 'output'
2026-08-13 13:41:24,031 WARNING layer sweep cache failed on bbq_ef8f080b: 'Qwen2DecoderLayer' object has no attribute 'output'
2026-08-13 13:41:24,034 WARNING layer sweep cache failed on bbq_f07ab016: 'Qwen2DecoderLayer' object has no attribute 'output'
2026-08-13 13:41:24,038 WARNING layer sweep cache failed on bbq_f07ab016: 'Qwen2DecoderLayer' object has no attribute 'output'
2026-08-13 13:41:24,041 WARNING layer sweep cache failed on bbq_f07ab016: 'Qwen2DecoderLayer' object has no attribute 'output'
2026-08-13 13:41:24,044 WARNING layer sweep cache failed on bbq_f1ae4a36: 'Qwen2DecoderLayer' object has no attribute 'output'
2026-08-13 13:41:24,046 WARNING layer sweep cache failed on bbq_f1ae4a36: 'Qwen2DecoderLayer' object has no attribute 'output'
2026-08-13 13:41:24,048 WARNING layer sweep cache failed on bbq_f1ae4a36: 'Qwen2DecoderLayer' object has no attribute 'output'
2026-08-13 13:41:24,051 WARNING layer sweep cache failed on bbq_f2fd55cd: 'Qwen2DecoderLayer' object has no attribute 'output'
2026-08-13 13:41:24,053 WARNING layer sweep cache failed on bbq_f2fd55cd: 'Qwen2DecoderLayer' object has no attribute 'output'
2026-08-13 13:41:24,056 WARNING layer sweep cache failed on bbq_f2fedade: 'Qwen2DecoderLayer' object has no attribute 'output'
2026-08-13 13:41:24,059 WARNING layer sweep cache failed on bbq_f2fedade: 'Qwen2DecoderLayer' object has no attribute 'output'
2026-08-13 13:41:24,062 WARNING layer sweep cache failed on bbq_f2fedade: 'Qwen2DecoderLayer' object has no attribute 'output'
2026-08-13 13:41:24,065 WARNING layer sweep cache failed on bbq_f2fedade: 'Qwen2DecoderLayer' object has no attribute 'output'
2026-08-13 13:41:24,068 WARNING layer sweep cache failed on bbq_f30d852d: 'Qwen2DecoderLayer' object has no attribute 'output'
2026-08-13 13:41:24,071 WARNING layer sweep cache failed on bbq_f30d852d: 'Qwen2DecoderLayer' object has no attribute 'output'
2026-08-13 13:41:24,074 WARNING layer sweep cache failed on bbq_f3f0d94d: 'Qwen2DecoderLayer' object has no attribute 'output'
2026-08-13 13:41:24,078 WARNING layer sweep cache failed on bbq_f41b7538: 'Qwen2DecoderLayer' object has no attribute 'output'
2026-08-13 13:41:24,082 WARNING layer sweep cache failed on bbq_f41b7538: 'Qwen2DecoderLayer' object has no attribute 'output'
2026-08-13 13:41:24,086 WARNING layer sweep cache failed on bbq_f5728bc3: 'Qwen2DecoderLayer' object has no attribute 'output'
2026-08-13 13:41:24,088 WARNING layer sweep cache failed on bbq_f9f88d37: 'Qwen2DecoderLayer' object has no attribute 'output'
2026-08-13 13:41:24,090 WARNING layer sweep cache failed on bbq_f9f88d37: 'Qwen2DecoderLayer' object has no attribute 'output'
2026-08-13 13:41:24,094 WARNING layer sweep cache failed on bbq_fb0eaa38: 'Qwen2DecoderLayer' object has no attribute 'output'
2026-08-13 13:41:24,098 WARNING layer sweep cache failed on bbq_fb0eaa38: 'Qwen2DecoderLayer' object has no attribute 'output'
2026-08-13 13:41:24,102 WARNING layer sweep cache failed on bbq_fb0eaa38: 'Qwen2DecoderLayer' object has no attribute 'output'
2026-08-13 13:41:24,106 WARNING layer sweep cache failed on bbq_fb0eaa38: 'Qwen2DecoderLayer' object has no attribute 'output'
2026-08-13 13:41:24,110 WARNING layer sweep cache failed on bbq_fb0eaa38: 'Qwen2DecoderLayer' object has no attribute 'output'
2026-08-13 13:41:24,112 WARNING layer sweep cache failed on bbq_fc892bbe: 'Qwen2DecoderLayer' object has no attribute 'output'
2026-08-13 13:41:24,115 WARNING layer sweep cache failed on bbq_fc892bbe: 'Qwen2DecoderLayer' object has no attribute 'output'
2026-08-13 13:41:24,117 WARNING layer sweep cache failed on bbq_fc892bbe: 'Qwen2DecoderLayer' object has no attribute 'output'
2026-08-13 13:41:24,119 WARNING layer sweep cache failed on bbq_fdc1cda3: 'Qwen2DecoderLayer' object has no attribute 'output'
2026-08-13 13:41:24,122 WARNING layer sweep cache failed on bbq_fdc1cda3: 'Qwen2DecoderLayer' object has no attribute 'output'
2026-08-13 13:41:24,124 WARNING layer sweep cache failed on bbq_fe3a6d67: 'Qwen2DecoderLayer' object has no attribute 'output'
2026-08-13 13:41:24,128 WARNING layer sweep cache failed on bbq_fef507b4: 'Qwen2DecoderLayer' object has no attribute 'output'
2026-08-13 13:41:24,131 WARNING layer sweep cache failed on bbq_fef507b4: 'Qwen2DecoderLayer' object has no attribute 'output'
2026-08-13 13:41:24,134 WARNING layer sweep cache failed on crows_005bea6b: 'Qwen2DecoderLayer' object has no attribute 'output'
2026-08-13 13:41:24,136 WARNING layer sweep cache failed on crows_005bea6b: 'Qwen2DecoderLayer' object has no attribute 'output'
2026-08-13 13:41:24,139 WARNING layer sweep cache failed on crows_005bea6b: 'Qwen2DecoderLayer' object has no attribute 'output'
2026-08-13 13:41:24,141 WARNING layer sweep cache failed on crows_005bea6b: 'Qwen2DecoderLayer' object has no attribute 'output'
2026-08-13 13:41:24,143 WARNING layer sweep cache failed on crows_0195d97f: 'Qwen2DecoderLayer' object has no attribute 'output'
2026-08-13 13:41:24,145 WARNING layer sweep cache failed on crows_0195d97f: 'Qwen2DecoderLayer' object has no attribute 'output'
2026-08-13 13:41:24,147 WARNING layer sweep cache failed on crows_0195d97f: 'Qwen2DecoderLayer' object has no attribute 'output'
2026-08-13 13:41:24,149 WARNING layer sweep cache failed on crows_055181b7: 'Qwen2DecoderLayer' object has no attribute 'output'
2026-08-13 13:41:24,152 WARNING layer sweep cache failed on crows_055181b7: 'Qwen2DecoderLayer' object has no attribute 'output'
2026-08-13 13:41:24,154 WARNING layer sweep cache failed on crows_083c0dd0: 'Qwen2DecoderLayer' object has no attribute 'output'
2026-08-13 13:41:24,157 WARNING layer sweep cache failed on crows_083c0dd0: 'Qwen2DecoderLayer' object has no attribute 'output'
2026-08-13 13:41:24,159 WARNING layer sweep cache failed on crows_083c0dd0: 'Qwen2DecoderLayer' object has no attribute 'output'
2026-08-13 13:41:24,161 WARNING layer sweep cache failed on crows_0907cbcd: 'Qwen2DecoderLayer' object has no attribute 'output'
2026-08-13 13:41:24,164 WARNING layer sweep cache failed on crows_09cd9c45: 'Qwen2DecoderLayer' object has no attribute 'output'
2026-08-13 13:41:24,167 WARNING layer sweep cache failed on crows_0d5a285d: 'Qwen2DecoderLayer' object has no attribute 'output'
2026-08-13 13:41:24,169 WARNING layer sweep cache failed on crows_0d5a285d: 'Qwen2DecoderLayer' object has no attribute 'output'
2026-08-13 13:41:24,172 WARNING layer sweep cache failed on crows_0d5a285d: 'Qwen2DecoderLayer' object has no attribute 'output'
2026-08-13 13:41:24,174 WARNING layer sweep cache failed on crows_0dc63717: 'Qwen2DecoderLayer' object has no attribute 'output'
2026-08-13 13:41:24,177 WARNING layer sweep cache failed on crows_0dc63717: 'Qwen2DecoderLayer' object has no attribute 'output'
2026-08-13 13:41:24,179 WARNING layer sweep cache failed on crows_0e72e1c2: 'Qwen2DecoderLayer' object has no attribute 'output'
2026-08-13 13:41:24,181 WARNING layer sweep cache failed on crows_11c6739d: 'Qwen2DecoderLayer' object has no attribute 'output'
2026-08-13 13:41:24,184 WARNING layer sweep cache failed on crows_11c6739d: 'Qwen2DecoderLayer' object has no attribute 'output'
2026-08-13 13:41:24,186 WARNING layer sweep cache failed on crows_120931a5: 'Qwen2DecoderLayer' object has no attribute 'output'
2026-08-13 13:41:24,188 WARNING layer sweep cache failed on crows_120931a5: 'Qwen2DecoderLayer' object has no attribute 'output'
2026-08-13 13:41:24,191 WARNING layer sweep cache failed on crows_12a6ebe1: 'Qwen2DecoderLayer' object has no attribute 'output'
2026-08-13 13:41:24,193 WARNING layer sweep cache failed on crows_12a6ebe1: 'Qwen2DecoderLayer' object has no attribute 'output'
2026-08-13 13:41:24,196 WARNING layer sweep cache failed on crows_12a6ebe1: 'Qwen2DecoderLayer' object has no attribute 'output'
2026-08-13 13:41:24,198 WARNING layer sweep cache failed on crows_12a6ebe1: 'Qwen2DecoderLayer' object has no attribute 'output'
2026-08-13 13:41:24,201 WARNING layer sweep cache failed on crows_12a6ebe1: 'Qwen2DecoderLayer' object has no attribute 'output'
2026-08-13 13:41:24,204 WARNING layer sweep cache failed on crows_12ed23fd: 'Qwen2DecoderLayer' object has no attribute 'output'
2026-08-13 13:41:24,206 WARNING layer sweep cache failed on crows_15d8250c: 'Qwen2DecoderLayer' object has no attribute 'output'
2026-08-13 13:41:24,208 WARNING layer sweep cache failed on crows_15d8250c: 'Qwen2DecoderLayer' object has no attribute 'output'
2026-08-13 13:41:24,211 WARNING layer sweep cache failed on crows_18732289: 'Qwen2DecoderLayer' object has no attribute 'output'
2026-08-13 13:41:24,213 WARNING layer sweep cache failed on crows_18732289: 'Qwen2DecoderLayer' object has no attribute 'output'
2026-08-13 13:41:24,215 WARNING layer sweep cache failed on crows_1c1bdf8c: 'Qwen2DecoderLayer' object has no attribute 'output'
2026-08-13 13:41:24,218 WARNING layer sweep cache failed on crows_1c1bdf8c: 'Qwen2DecoderLayer' object has no attribute 'output'
2026-08-13 13:41:24,220 WARNING layer sweep cache failed on crows_1c6d9faf: 'Qwen2DecoderLayer' object has no attribute 'output'
2026-08-13 13:41:24,222 WARNING layer sweep cache failed on crows_1e94d121: 'Qwen2DecoderLayer' object has no attribute 'output'
2026-08-13 13:41:24,225 WARNING layer sweep cache failed on crows_218605a7: 'Qwen2DecoderLayer' object has no attribute 'output'
2026-08-13 13:41:24,227 WARNING layer sweep cache failed on crows_21c6fbfe: 'Qwen2DecoderLayer' object has no attribute 'output'
2026-08-13 13:41:24,229 WARNING layer sweep cache failed on crows_21c6fbfe: 'Qwen2DecoderLayer' object has no attribute 'output'
2026-08-13 13:41:24,231 WARNING layer sweep cache failed on crows_223de8c2: 'Qwen2DecoderLayer' object has no attribute 'output'
2026-08-13 13:41:24,233 WARNING layer sweep cache failed on crows_223de8c2: 'Qwen2DecoderLayer' object has no attribute 'output'
2026-08-13 13:41:24,235 WARNING layer sweep cache failed on crows_223de8c2: 'Qwen2DecoderLayer' object has no attribute 'output'
2026-08-13 13:41:24,238 WARNING layer sweep cache failed on crows_229ddead: 'Qwen2DecoderLayer' object has no attribute 'output'
2026-08-13 13:41:24,240 WARNING layer sweep cache failed on crows_229ddead: 'Qwen2DecoderLayer' object has no attribute 'output'
2026-08-13 13:41:24,242 WARNING layer sweep cache failed on crows_229ddead: 'Qwen2DecoderLayer' object has no attribute 'output'
2026-08-13 13:41:24,244 WARNING layer sweep cache failed on crows_229ddead: 'Qwen2DecoderLayer' object has no attribute 'output'
2026-08-13 13:41:24,247 WARNING layer sweep cache failed on crows_2377a964: 'Qwen2DecoderLayer' object has no attribute 'output'
2026-08-13 13:41:24,249 WARNING layer sweep cache failed on crows_2377a964: 'Qwen2DecoderLayer' object has no attribute 'output'
2026-08-13 13:41:24,251 WARNING layer sweep cache failed on crows_240e7a1f: 'Qwen2DecoderLayer' object has no attribute 'output'
2026-08-13 13:41:24,253 WARNING layer sweep cache failed on crows_240e7a1f: 'Qwen2DecoderLayer' object has no attribute 'output'
2026-08-13 13:41:24,256 WARNING layer sweep cache failed on crows_244a94a1: 'Qwen2DecoderLayer' object has no attribute 'output'
2026-08-13 13:41:24,258 WARNING layer sweep cache failed on crows_2c65ce7f: 'Qwen2DecoderLayer' object has no attribute 'output'
2026-08-13 13:41:24,260 WARNING layer sweep cache failed on crows_2d4c9494: 'Qwen2DecoderLayer' object has no attribute 'output'
2026-08-13 13:41:24,262 WARNING layer sweep cache failed on crows_2d4c9494: 'Qwen2DecoderLayer' object has no attribute 'output'
2026-08-13 13:41:24,264 WARNING layer sweep cache failed on crows_2d4c9494: 'Qwen2DecoderLayer' object has no attribute 'output'
2026-08-13 13:41:24,267 WARNING layer sweep cache failed on crows_2d4c9494: 'Qwen2DecoderLayer' object has no attribute 'output'
2026-08-13 13:41:24,269 WARNING layer sweep cache failed on crows_2d666bd0: 'Qwen2DecoderLayer' object has no attribute 'output'
2026-08-13 13:41:24,272 WARNING layer sweep cache failed on crows_3006a31a: 'Qwen2DecoderLayer' object has no attribute 'output'
2026-08-13 13:41:24,274 WARNING layer sweep cache failed on crows_3006a31a: 'Qwen2DecoderLayer' object has no attribute 'output'
2026-08-13 13:41:24,277 WARNING layer sweep cache failed on crows_31c2ec83: 'Qwen2DecoderLayer' object has no attribute 'output'
2026-08-13 13:41:24,279 WARNING layer sweep cache failed on crows_31c2ec83: 'Qwen2DecoderLayer' object has no attribute 'output'
2026-08-13 13:41:24,282 WARNING layer sweep cache failed on crows_34505558: 'Qwen2DecoderLayer' object has no attribute 'output'
2026-08-13 13:41:24,284 WARNING layer sweep cache failed on crows_34505558: 'Qwen2DecoderLayer' object has no attribute 'output'
2026-08-13 13:41:24,286 WARNING layer sweep cache failed on crows_34505558: 'Qwen2DecoderLayer' object has no attribute 'output'
2026-08-13 13:41:24,289 WARNING layer sweep cache failed on crows_34df96e5: 'Qwen2DecoderLayer' object has no attribute 'output'
2026-08-13 13:41:24,291 WARNING layer sweep cache failed on crows_34df96e5: 'Qwen2DecoderLayer' object has no attribute 'output'
2026-08-13 13:41:24,293 WARNING layer sweep cache failed on crows_3a4060b7: 'Qwen2DecoderLayer' object has no attribute 'output'
2026-08-13 13:41:24,295 WARNING layer sweep cache failed on crows_3c84a286: 'Qwen2DecoderLayer' object has no attribute 'output'
2026-08-13 13:41:24,297 WARNING layer sweep cache failed on crows_3c84a286: 'Qwen2DecoderLayer' object has no attribute 'output'
2026-08-13 13:41:24,300 WARNING layer sweep cache failed on crows_3f2f3e5c: 'Qwen2DecoderLayer' object has no attribute 'output'
2026-08-13 13:41:24,302 WARNING layer sweep cache failed on crows_410c035b: 'Qwen2DecoderLayer' object has no attribute 'output'
2026-08-13 13:41:24,304 WARNING layer sweep cache failed on crows_45c77040: 'Qwen2DecoderLayer' object has no attribute 'output'
2026-08-13 13:41:24,307 WARNING layer sweep cache failed on crows_45c77040: 'Qwen2DecoderLayer' object has no attribute 'output'
2026-08-13 13:41:24,309 WARNING layer sweep cache failed on crows_45c77040: 'Qwen2DecoderLayer' object has no attribute 'output'
2026-08-13 13:41:24,312 WARNING layer sweep cache failed on crows_45c77040: 'Qwen2DecoderLayer' object has no attribute 'output'
2026-08-13 13:41:24,315 WARNING layer sweep cache failed on crows_4614daad: 'Qwen2DecoderLayer' object has no attribute 'output'
2026-08-13 13:41:24,317 WARNING layer sweep cache failed on crows_4614daad: 'Qwen2DecoderLayer' object has no attribute 'output'
2026-08-13 13:41:24,320 WARNING layer sweep cache failed on crows_4614daad: 'Qwen2DecoderLayer' object has no attribute 'output'
2026-08-13 13:41:24,322 WARNING layer sweep cache failed on crows_471c83a5: 'Qwen2DecoderLayer' object has no attribute 'output'
2026-08-13 13:41:24,325 WARNING layer sweep cache failed on crows_471c83a5: 'Qwen2DecoderLayer' object has no attribute 'output'
2026-08-13 13:41:24,328 WARNING layer sweep cache failed on crows_47a10838: 'Qwen2DecoderLayer' object has no attribute 'output'
2026-08-13 13:41:24,331 WARNING layer sweep cache failed on crows_47a10838: 'Qwen2DecoderLayer' object has no attribute 'output'
2026-08-13 13:41:24,334 WARNING layer sweep cache failed on crows_47aae1d9: 'Qwen2DecoderLayer' object has no attribute 'output'
2026-08-13 13:41:24,336 WARNING layer sweep cache failed on crows_47aae1d9: 'Qwen2DecoderLayer' object has no attribute 'output'
2026-08-13 13:41:24,339 WARNING layer sweep cache failed on crows_485fdd1c: 'Qwen2DecoderLayer' object has no attribute 'output'
2026-08-13 13:41:24,341 WARNING layer sweep cache failed on crows_485fdd1c: 'Qwen2DecoderLayer' object has no attribute 'output'
2026-08-13 13:41:24,344 WARNING layer sweep cache failed on crows_4894582d: 'Qwen2DecoderLayer' object has no attribute 'output'
2026-08-13 13:41:24,347 WARNING layer sweep cache failed on crows_49c050bf: 'Qwen2DecoderLayer' object has no attribute 'output'
2026-08-13 13:41:24,349 WARNING layer sweep cache failed on crows_49c050bf: 'Qwen2DecoderLayer' object has no attribute 'output'
2026-08-13 13:41:24,351 WARNING layer sweep cache failed on crows_4ab5ac65: 'Qwen2DecoderLayer' object has no attribute 'output'
2026-08-13 13:41:24,354 WARNING layer sweep cache failed on crows_4ab5ac65: 'Qwen2DecoderLayer' object has no attribute 'output'
2026-08-13 13:41:24,356 WARNING layer sweep cache failed on crows_4ed2f0d4: 'Qwen2DecoderLayer' object has no attribute 'output'
2026-08-13 13:41:24,358 WARNING layer sweep cache failed on crows_4ef446bd: 'Qwen2DecoderLayer' object has no attribute 'output'
2026-08-13 13:41:24,360 WARNING layer sweep cache failed on crows_50297fbf: 'Qwen2DecoderLayer' object has no attribute 'output'
2026-08-13 13:41:24,362 WARNING layer sweep cache failed on crows_50297fbf: 'Qwen2DecoderLayer' object has no attribute 'output'
2026-08-13 13:41:24,365 WARNING layer sweep cache failed on crows_50297fbf: 'Qwen2DecoderLayer' object has no attribute 'output'
2026-08-13 13:41:24,367 WARNING layer sweep cache failed on crows_50297fbf: 'Qwen2DecoderLayer' object has no attribute 'output'
2026-08-13 13:41:24,369 WARNING layer sweep cache failed on crows_512608b8: 'Qwen2DecoderLayer' object has no attribute 'output'
2026-08-13 13:41:24,371 WARNING layer sweep cache failed on crows_5270ca64: 'Qwen2DecoderLayer' object has no attribute 'output'
2026-08-13 13:41:24,374 WARNING layer sweep cache failed on crows_5270ca64: 'Qwen2DecoderLayer' object has no attribute 'output'
2026-08-13 13:41:24,376 WARNING layer sweep cache failed on crows_531085cf: 'Qwen2DecoderLayer' object has no attribute 'output'
2026-08-13 13:41:24,378 WARNING layer sweep cache failed on crows_531085cf: 'Qwen2DecoderLayer' object has no attribute 'output'
2026-08-13 13:41:24,381 WARNING layer sweep cache failed on crows_531085cf: 'Qwen2DecoderLayer' object has no attribute 'output'
2026-08-13 13:41:24,383 WARNING layer sweep cache failed on crows_531085cf: 'Qwen2DecoderLayer' object has no attribute 'output'
2026-08-13 13:41:24,386 WARNING layer sweep cache failed on crows_541cbf75: 'Qwen2DecoderLayer' object has no attribute 'output'
2026-08-13 13:41:24,388 WARNING layer sweep cache failed on crows_5425c743: 'Qwen2DecoderLayer' object has no attribute 'output'
2026-08-13 13:41:24,390 WARNING layer sweep cache failed on crows_57f97712: 'Qwen2DecoderLayer' object has no attribute 'output'
2026-08-13 13:41:24,393 WARNING layer sweep cache failed on crows_57f97712: 'Qwen2DecoderLayer' object has no attribute 'output'
2026-08-13 13:41:24,395 WARNING layer sweep cache failed on crows_5871177f: 'Qwen2DecoderLayer' object has no attribute 'output'
2026-08-13 13:41:24,398 WARNING layer sweep cache failed on crows_58bd2ca3: 'Qwen2DecoderLayer' object has no attribute 'output'
2026-08-13 13:41:24,400 WARNING layer sweep cache failed on crows_58bd2ca3: 'Qwen2DecoderLayer' object has no attribute 'output'
2026-08-13 13:41:24,403 WARNING layer sweep cache failed on crows_58bd2ca3: 'Qwen2DecoderLayer' object has no attribute 'output'
2026-08-13 13:41:24,405 WARNING layer sweep cache failed on crows_5a46a1c0: 'Qwen2DecoderLayer' object has no attribute 'output'
2026-08-13 13:41:24,408 WARNING layer sweep cache failed on crows_5d329a68: 'Qwen2DecoderLayer' object has no attribute 'output'
2026-08-13 13:41:24,410 WARNING layer sweep cache failed on crows_5d329a68: 'Qwen2DecoderLayer' object has no attribute 'output'
2026-08-13 13:41:24,412 WARNING layer sweep cache failed on crows_5d329a68: 'Qwen2DecoderLayer' object has no attribute 'output'
2026-08-13 13:41:24,414 WARNING layer sweep cache failed on crows_5d329a68: 'Qwen2DecoderLayer' object has no attribute 'output'
2026-08-13 13:41:24,416 WARNING layer sweep cache failed on crows_5dac2270: 'Qwen2DecoderLayer' object has no attribute 'output'
2026-08-13 13:41:24,419 WARNING layer sweep cache failed on crows_5de57dc8: 'Qwen2DecoderLayer' object has no attribute 'output'
2026-08-13 13:41:24,421 WARNING layer sweep cache failed on crows_5de57dc8: 'Qwen2DecoderLayer' object has no attribute 'output'
2026-08-13 13:41:24,423 WARNING layer sweep cache failed on crows_5de57dc8: 'Qwen2DecoderLayer' object has no attribute 'output'
2026-08-13 13:41:24,425 WARNING layer sweep cache failed on crows_5eb11489: 'Qwen2DecoderLayer' object has no attribute 'output'
2026-08-13 13:41:24,428 WARNING layer sweep cache failed on crows_5f2ce032: 'Qwen2DecoderLayer' object has no attribute 'output'
2026-08-13 13:41:24,430 WARNING layer sweep cache failed on crows_67da3c4e: 'Qwen2DecoderLayer' object has no attribute 'output'
2026-08-13 13:41:24,432 WARNING layer sweep cache failed on crows_67da3c4e: 'Qwen2DecoderLayer' object has no attribute 'output'
2026-08-13 13:41:24,435 WARNING layer sweep cache failed on crows_67da3c4e: 'Qwen2DecoderLayer' object has no attribute 'output'
2026-08-13 13:41:24,437 WARNING layer sweep cache failed on crows_67da3c4e: 'Qwen2DecoderLayer' object has no attribute 'output'
2026-08-13 13:41:24,439 WARNING layer sweep cache failed on crows_67da3c4e: 'Qwen2DecoderLayer' object has no attribute 'output'
2026-08-13 13:41:24,442 WARNING layer sweep cache failed on crows_6bbc7f86: 'Qwen2DecoderLayer' object has no attribute 'output'
2026-08-13 13:41:24,444 WARNING layer sweep cache failed on crows_6bbc7f86: 'Qwen2DecoderLayer' object has no attribute 'output'
2026-08-13 13:41:24,446 WARNING layer sweep cache failed on crows_72180b63: 'Qwen2DecoderLayer' object has no attribute 'output'
2026-08-13 13:41:24,449 WARNING layer sweep cache failed on crows_732481e4: 'Qwen2DecoderLayer' object has no attribute 'output'
2026-08-13 13:41:24,451 WARNING layer sweep cache failed on crows_741c45f4: 'Qwen2DecoderLayer' object has no attribute 'output'
2026-08-13 13:41:24,454 WARNING layer sweep cache failed on crows_741c45f4: 'Qwen2DecoderLayer' object has no attribute 'output'
2026-08-13 13:41:24,456 WARNING layer sweep cache failed on crows_741c45f4: 'Qwen2DecoderLayer' object has no attribute 'output'
2026-08-13 13:41:24,458 WARNING layer sweep cache failed on crows_74833681: 'Qwen2DecoderLayer' object has no attribute 'output'
2026-08-13 13:41:24,460 WARNING layer sweep cache failed on crows_74833681: 'Qwen2DecoderLayer' object has no attribute 'output'
2026-08-13 13:41:24,463 WARNING layer sweep cache failed on crows_757150ed: 'Qwen2DecoderLayer' object has no attribute 'output'
2026-08-13 13:41:24,465 WARNING layer sweep cache failed on crows_78150781: 'Qwen2DecoderLayer' object has no attribute 'output'
2026-08-13 13:41:24,467 WARNING layer sweep cache failed on crows_78150781: 'Qwen2DecoderLayer' object has no attribute 'output'
2026-08-13 13:41:24,469 WARNING layer sweep cache failed on crows_7bfa7d01: 'Qwen2DecoderLayer' object has no attribute 'output'
2026-08-13 13:41:24,471 WARNING layer sweep cache failed on crows_7c94e1db: 'Qwen2DecoderLayer' object has no attribute 'output'
2026-08-13 13:41:24,474 WARNING layer sweep cache failed on crows_7ea5b935: 'Qwen2DecoderLayer' object has no attribute 'output'
2026-08-13 13:41:24,476 WARNING layer sweep cache failed on crows_7fadd43b: 'Qwen2DecoderLayer' object has no attribute 'output'
2026-08-13 13:41:24,478 WARNING layer sweep cache failed on crows_7fadd43b: 'Qwen2DecoderLayer' object has no attribute 'output'
2026-08-13 13:41:24,481 WARNING layer sweep cache failed on crows_803cf482: 'Qwen2DecoderLayer' object has no attribute 'output'
2026-08-13 13:41:24,483 WARNING layer sweep cache failed on crows_82544afd: 'Qwen2DecoderLayer' object has no attribute 'output'
2026-08-13 13:41:24,485 WARNING layer sweep cache failed on crows_82544afd: 'Qwen2DecoderLayer' object has no attribute 'output'
2026-08-13 13:41:24,487 WARNING layer sweep cache failed on crows_8303e5b8: 'Qwen2DecoderLayer' object has no attribute 'output'
2026-08-13 13:41:24,489 WARNING layer sweep cache failed on crows_8303e5b8: 'Qwen2DecoderLayer' object has no attribute 'output'
2026-08-13 13:41:24,492 WARNING layer sweep cache failed on crows_83814cc8: 'Qwen2DecoderLayer' object has no attribute 'output'
2026-08-13 13:41:24,494 WARNING layer sweep cache failed on crows_83814cc8: 'Qwen2DecoderLayer' object has no attribute 'output'
2026-08-13 13:41:24,496 WARNING layer sweep cache failed on crows_84a9d6c9: 'Qwen2DecoderLayer' object has no attribute 'output'
2026-08-13 13:41:24,499 WARNING layer sweep cache failed on crows_84d566c8: 'Qwen2DecoderLayer' object has no attribute 'output'
2026-08-13 13:41:24,501 WARNING layer sweep cache failed on crows_84ef10c5: 'Qwen2DecoderLayer' object has no attribute 'output'
2026-08-13 13:41:24,503 WARNING layer sweep cache failed on crows_84ef10c5: 'Qwen2DecoderLayer' object has no attribute 'output'
2026-08-13 13:41:24,506 WARNING layer sweep cache failed on crows_86c5d323: 'Qwen2DecoderLayer' object has no attribute 'output'
2026-08-13 13:41:24,508 WARNING layer sweep cache failed on crows_86c5d323: 'Qwen2DecoderLayer' object has no attribute 'output'
2026-08-13 13:41:24,511 WARNING layer sweep cache failed on crows_86f6e3d4: 'Qwen2DecoderLayer' object has no attribute 'output'
2026-08-13 13:41:24,513 WARNING layer sweep cache failed on crows_87f5dd1b: 'Qwen2DecoderLayer' object has no attribute 'output'
2026-08-13 13:41:24,515 WARNING layer sweep cache failed on crows_87f5dd1b: 'Qwen2DecoderLayer' object has no attribute 'output'
2026-08-13 13:41:24,518 WARNING layer sweep cache failed on crows_8d5e454d: 'Qwen2DecoderLayer' object has no attribute 'output'
2026-08-13 13:41:24,520 WARNING layer sweep cache failed on crows_9214da6e: 'Qwen2DecoderLayer' object has no attribute 'output'
2026-08-13 13:41:24,522 WARNING layer sweep cache failed on crows_9214da6e: 'Qwen2DecoderLayer' object has no attribute 'output'
2026-08-13 13:41:24,524 WARNING layer sweep cache failed on crows_92182b8b: 'Qwen2DecoderLayer' object has no attribute 'output'
2026-08-13 13:41:24,526 WARNING layer sweep cache failed on crows_97cb0ea5: 'Qwen2DecoderLayer' object has no attribute 'output'
2026-08-13 13:41:24,529 WARNING layer sweep cache failed on crows_988e07fa: 'Qwen2DecoderLayer' object has no attribute 'output'
2026-08-13 13:41:24,532 WARNING layer sweep cache failed on crows_988e07fa: 'Qwen2DecoderLayer' object has no attribute 'output'
2026-08-13 13:41:24,534 WARNING layer sweep cache failed on crows_9a8046cc: 'Qwen2DecoderLayer' object has no attribute 'output'
2026-08-13 13:41:24,536 WARNING layer sweep cache failed on crows_9a8046cc: 'Qwen2DecoderLayer' object has no attribute 'output'
2026-08-13 13:41:24,539 WARNING layer sweep cache failed on crows_9f54d905: 'Qwen2DecoderLayer' object has no attribute 'output'
2026-08-13 13:41:24,541 WARNING layer sweep cache failed on crows_a18c8ecd: 'Qwen2DecoderLayer' object has no attribute 'output'
2026-08-13 13:41:24,543 WARNING layer sweep cache failed on crows_a2efadbc: 'Qwen2DecoderLayer' object has no attribute 'output'
2026-08-13 13:41:24,545 WARNING layer sweep cache failed on crows_a2efadbc: 'Qwen2DecoderLayer' object has no attribute 'output'
2026-08-13 13:41:24,547 WARNING layer sweep cache failed on crows_a2efadbc: 'Qwen2DecoderLayer' object has no attribute 'output'
2026-08-13 13:41:24,549 WARNING layer sweep cache failed on crows_a2efadbc: 'Qwen2DecoderLayer' object has no attribute 'output'
2026-08-13 13:41:24,552 WARNING layer sweep cache failed on crows_a2efadbc: 'Qwen2DecoderLayer' object has no attribute 'output'
2026-08-13 13:41:24,554 WARNING layer sweep cache failed on crows_a3e1b649: 'Qwen2DecoderLayer' object has no attribute 'output'
2026-08-13 13:41:24,557 WARNING layer sweep cache failed on crows_a3e1b649: 'Qwen2DecoderLayer' object has no attribute 'output'
2026-08-13 13:41:24,560 WARNING layer sweep cache failed on crows_a3e1b649: 'Qwen2DecoderLayer' object has no attribute 'output'
2026-08-13 13:41:24,562 WARNING layer sweep cache failed on crows_a3e1b649: 'Qwen2DecoderLayer' object has no attribute 'output'
2026-08-13 13:41:24,565 WARNING layer sweep cache failed on crows_a514af1a: 'Qwen2DecoderLayer' object has no attribute 'output'
2026-08-13 13:41:24,567 WARNING layer sweep cache failed on crows_a514af1a: 'Qwen2DecoderLayer' object has no attribute 'output'
2026-08-13 13:41:24,569 WARNING layer sweep cache failed on crows_a514af1a: 'Qwen2DecoderLayer' object has no attribute 'output'
2026-08-13 13:41:24,571 WARNING layer sweep cache failed on crows_a6d425d5: 'Qwen2DecoderLayer' object has no attribute 'output'
2026-08-13 13:41:24,574 WARNING layer sweep cache failed on crows_a7136814: 'Qwen2DecoderLayer' object has no attribute 'output'
2026-08-13 13:41:24,576 WARNING layer sweep cache failed on crows_a7136814: 'Qwen2DecoderLayer' object has no attribute 'output'
2026-08-13 13:41:24,578 WARNING layer sweep cache failed on crows_a7136814: 'Qwen2DecoderLayer' object has no attribute 'output'
2026-08-13 13:41:24,581 WARNING layer sweep cache failed on crows_aa86bae8: 'Qwen2DecoderLayer' object has no attribute 'output'
2026-08-13 13:41:24,583 WARNING layer sweep cache failed on crows_aa9b02f0: 'Qwen2DecoderLayer' object has no attribute 'output'
2026-08-13 13:41:24,586 WARNING layer sweep cache failed on crows_aa9b02f0: 'Qwen2DecoderLayer' object has no attribute 'output'
2026-08-13 13:41:24,588 WARNING layer sweep cache failed on crows_aa9b02f0: 'Qwen2DecoderLayer' object has no attribute 'output'
2026-08-13 13:41:24,591 WARNING layer sweep cache failed on crows_ac92b16e: 'Qwen2DecoderLayer' object has no attribute 'output'
2026-08-13 13:41:24,593 WARNING layer sweep cache failed on crows_ac92b16e: 'Qwen2DecoderLayer' object has no attribute 'output'
2026-08-13 13:41:24,595 WARNING layer sweep cache failed on crows_af074de0: 'Qwen2DecoderLayer' object has no attribute 'output'
2026-08-13 13:41:24,597 WARNING layer sweep cache failed on crows_af074de0: 'Qwen2DecoderLayer' object has no attribute 'output'
2026-08-13 13:41:24,600 WARNING layer sweep cache failed on crows_af2cdb98: 'Qwen2DecoderLayer' object has no attribute 'output'
2026-08-13 13:41:24,602 WARNING layer sweep cache failed on crows_af6a8577: 'Qwen2DecoderLayer' object has no attribute 'output'
2026-08-13 13:41:24,604 WARNING layer sweep cache failed on crows_b1861e81: 'Qwen2DecoderLayer' object has no attribute 'output'
2026-08-13 13:41:24,607 WARNING layer sweep cache failed on crows_b1861e81: 'Qwen2DecoderLayer' object has no attribute 'output'
2026-08-13 13:41:24,609 WARNING layer sweep cache failed on crows_b1861e81: 'Qwen2DecoderLayer' object has no attribute 'output'
2026-08-13 13:41:24,612 WARNING layer sweep cache failed on crows_b1861e81: 'Qwen2DecoderLayer' object has no attribute 'output'
2026-08-13 13:41:24,614 WARNING layer sweep cache failed on crows_b2067121: 'Qwen2DecoderLayer' object has no attribute 'output'
2026-08-13 13:41:24,616 WARNING layer sweep cache failed on crows_b2067121: 'Qwen2DecoderLayer' object has no attribute 'output'
2026-08-13 13:41:24,619 WARNING layer sweep cache failed on crows_b35ad5ea: 'Qwen2DecoderLayer' object has no attribute 'output'
2026-08-13 13:41:24,621 WARNING layer sweep cache failed on crows_b54921be: 'Qwen2DecoderLayer' object has no attribute 'output'
2026-08-13 13:41:24,623 WARNING layer sweep cache failed on crows_b54921be: 'Qwen2DecoderLayer' object has no attribute 'output'
2026-08-13 13:41:24,625 WARNING layer sweep cache failed on crows_b6d48f8f: 'Qwen2DecoderLayer' object has no attribute 'output'
2026-08-13 13:41:24,627 WARNING layer sweep cache failed on crows_b6d48f8f: 'Qwen2DecoderLayer' object has no attribute 'output'
2026-08-13 13:41:24,629 WARNING layer sweep cache failed on crows_b6d48f8f: 'Qwen2DecoderLayer' object has no attribute 'output'
2026-08-13 13:41:24,632 WARNING layer sweep cache failed on crows_b8717a6b: 'Qwen2DecoderLayer' object has no attribute 'output'
2026-08-13 13:41:24,634 WARNING layer sweep cache failed on crows_b8717a6b: 'Qwen2DecoderLayer' object has no attribute 'output'
2026-08-13 13:41:24,636 WARNING layer sweep cache failed on crows_bb125597: 'Qwen2DecoderLayer' object has no attribute 'output'
2026-08-13 13:41:24,638 WARNING layer sweep cache failed on crows_bb125597: 'Qwen2DecoderLayer' object has no attribute 'output'
2026-08-13 13:41:24,640 WARNING layer sweep cache failed on crows_bc8e6480: 'Qwen2DecoderLayer' object has no attribute 'output'
2026-08-13 13:41:24,642 WARNING layer sweep cache failed on crows_bc8e6480: 'Qwen2DecoderLayer' object has no attribute 'output'
2026-08-13 13:41:24,645 WARNING layer sweep cache failed on crows_bd83005d: 'Qwen2DecoderLayer' object has no attribute 'output'
2026-08-13 13:41:24,647 WARNING layer sweep cache failed on crows_bd83005d: 'Qwen2DecoderLayer' object has no attribute 'output'
2026-08-13 13:41:24,650 WARNING layer sweep cache failed on crows_bdacfcf3: 'Qwen2DecoderLayer' object has no attribute 'output'
2026-08-13 13:41:24,652 WARNING layer sweep cache failed on crows_bdacfcf3: 'Qwen2DecoderLayer' object has no attribute 'output'
2026-08-13 13:41:24,655 WARNING layer sweep cache failed on crows_bdacfcf3: 'Qwen2DecoderLayer' object has no attribute 'output'
2026-08-13 13:41:24,658 WARNING layer sweep cache failed on crows_be506455: 'Qwen2DecoderLayer' object has no attribute 'output'
2026-08-13 13:41:24,660 WARNING layer sweep cache failed on crows_be506455: 'Qwen2DecoderLayer' object has no attribute 'output'
2026-08-13 13:41:24,663 WARNING layer sweep cache failed on crows_bee323d7: 'Qwen2DecoderLayer' object has no attribute 'output'
2026-08-13 13:41:24,666 WARNING layer sweep cache failed on crows_bee323d7: 'Qwen2DecoderLayer' object has no attribute 'output'
2026-08-13 13:41:24,669 WARNING layer sweep cache failed on crows_bee323d7: 'Qwen2DecoderLayer' object has no attribute 'output'
2026-08-13 13:41:24,672 WARNING layer sweep cache failed on crows_bee323d7: 'Qwen2DecoderLayer' object has no attribute 'output'
2026-08-13 13:41:24,675 WARNING layer sweep cache failed on crows_bee323d7: 'Qwen2DecoderLayer' object has no attribute 'output'
2026-08-13 13:41:24,677 WARNING layer sweep cache failed on crows_bee323d7: 'Qwen2DecoderLayer' object has no attribute 'output'
2026-08-13 13:41:24,680 WARNING layer sweep cache failed on crows_bee323d7: 'Qwen2DecoderLayer' object has no attribute 'output'
2026-08-13 13:41:24,683 WARNING layer sweep cache failed on crows_c09aa46a: 'Qwen2DecoderLayer' object has no attribute 'output'
2026-08-13 13:41:24,685 WARNING layer sweep cache failed on crows_c24a82b5: 'Qwen2DecoderLayer' object has no attribute 'output'
2026-08-13 13:41:24,688 WARNING layer sweep cache failed on crows_c30cf8e9: 'Qwen2DecoderLayer' object has no attribute 'output'
2026-08-13 13:41:24,690 WARNING layer sweep cache failed on crows_c4e484a1: 'Qwen2DecoderLayer' object has no attribute 'output'
2026-08-13 13:41:24,692 WARNING layer sweep cache failed on crows_c4e484a1: 'Qwen2DecoderLayer' object has no attribute 'output'
2026-08-13 13:41:24,695 WARNING layer sweep cache failed on crows_c4e484a1: 'Qwen2DecoderLayer' object has no attribute 'output'
2026-08-13 13:41:24,698 WARNING layer sweep cache failed on crows_c619dfb1: 'Qwen2DecoderLayer' object has no attribute 'output'
2026-08-13 13:41:24,700 WARNING layer sweep cache failed on crows_c673822b: 'Qwen2DecoderLayer' object has no attribute 'output'
2026-08-13 13:41:24,702 WARNING layer sweep cache failed on crows_c673822b: 'Qwen2DecoderLayer' object has no attribute 'output'
2026-08-13 13:41:24,705 WARNING layer sweep cache failed on crows_c6bcd1a0: 'Qwen2DecoderLayer' object has no attribute 'output'
2026-08-13 13:41:24,707 WARNING layer sweep cache failed on crows_cd4fbcf8: 'Qwen2DecoderLayer' object has no attribute 'output'
2026-08-13 13:41:24,710 WARNING layer sweep cache failed on crows_cd4fbcf8: 'Qwen2DecoderLayer' object has no attribute 'output'
2026-08-13 13:41:24,712 WARNING layer sweep cache failed on crows_cd4fbcf8: 'Qwen2DecoderLayer' object has no attribute 'output'
2026-08-13 13:41:24,714 WARNING layer sweep cache failed on crows_cd4fbcf8: 'Qwen2DecoderLayer' object has no attribute 'output'
2026-08-13 13:41:24,717 WARNING layer sweep cache failed on crows_cfd9f39f: 'Qwen2DecoderLayer' object has no attribute 'output'
2026-08-13 13:41:24,719 WARNING layer sweep cache failed on crows_d7d2cca0: 'Qwen2DecoderLayer' object has no attribute 'output'
2026-08-13 13:41:24,721 WARNING layer sweep cache failed on crows_d7d2cca0: 'Qwen2DecoderLayer' object has no attribute 'output'
2026-08-13 13:41:24,723 WARNING layer sweep cache failed on crows_d7d2cca0: 'Qwen2DecoderLayer' object has no attribute 'output'
2026-08-13 13:41:24,726 WARNING layer sweep cache failed on crows_dbe76bbf: 'Qwen2DecoderLayer' object has no attribute 'output'
2026-08-13 13:41:24,728 WARNING layer sweep cache failed on crows_dcf1054a: 'Qwen2DecoderLayer' object has no attribute 'output'
2026-08-13 13:41:24,730 WARNING layer sweep cache failed on crows_dd483723: 'Qwen2DecoderLayer' object has no attribute 'output'
2026-08-13 13:41:24,732 WARNING layer sweep cache failed on crows_dd483723: 'Qwen2DecoderLayer' object has no attribute 'output'
2026-08-13 13:41:24,734 WARNING layer sweep cache failed on crows_de2481dd: 'Qwen2DecoderLayer' object has no attribute 'output'
2026-08-13 13:41:24,737 WARNING layer sweep cache failed on crows_de2481dd: 'Qwen2DecoderLayer' object has no attribute 'output'
2026-08-13 13:41:24,739 WARNING layer sweep cache failed on crows_de8adbc0: 'Qwen2DecoderLayer' object has no attribute 'output'
2026-08-13 13:41:24,742 WARNING layer sweep cache failed on crows_df3f21cd: 'Qwen2DecoderLayer' object has no attribute 'output'
2026-08-13 13:41:24,744 WARNING layer sweep cache failed on crows_df3f21cd: 'Qwen2DecoderLayer' object has no attribute 'output'
2026-08-13 13:41:24,747 WARNING layer sweep cache failed on crows_df3f21cd: 'Qwen2DecoderLayer' object has no attribute 'output'
2026-08-13 13:41:24,749 WARNING layer sweep cache failed on crows_df3f21cd: 'Qwen2DecoderLayer' object has no attribute 'output'
2026-08-13 13:41:24,752 WARNING layer sweep cache failed on crows_df3f21cd: 'Qwen2DecoderLayer' object has no attribute 'output'
2026-08-13 13:41:24,755 WARNING layer sweep cache failed on crows_df90a400: 'Qwen2DecoderLayer' object has no attribute 'output'
2026-08-13 13:41:24,757 WARNING layer sweep cache failed on crows_e90fe6bc: 'Qwen2DecoderLayer' object has no attribute 'output'
2026-08-13 13:41:24,759 WARNING layer sweep cache failed on crows_e90fe6bc: 'Qwen2DecoderLayer' object has no attribute 'output'
2026-08-13 13:41:24,761 WARNING layer sweep cache failed on crows_e9f23eaf: 'Qwen2DecoderLayer' object has no attribute 'output'
2026-08-13 13:41:24,763 WARNING layer sweep cache failed on crows_eb3dd690: 'Qwen2DecoderLayer' object has no attribute 'output'
2026-08-13 13:41:24,765 WARNING layer sweep cache failed on crows_eb3dd690: 'Qwen2DecoderLayer' object has no attribute 'output'
2026-08-13 13:41:24,768 WARNING layer sweep cache failed on crows_eb3dd690: 'Qwen2DecoderLayer' object has no attribute 'output'
2026-08-13 13:41:24,770 WARNING layer sweep cache failed on crows_ebb4f7db: 'Qwen2DecoderLayer' object has no attribute 'output'
2026-08-13 13:41:24,772 WARNING layer sweep cache failed on crows_ebb4f7db: 'Qwen2DecoderLayer' object has no attribute 'output'
2026-08-13 13:41:24,775 WARNING layer sweep cache failed on crows_ecd2b972: 'Qwen2DecoderLayer' object has no attribute 'output'
2026-08-13 13:41:24,779 WARNING layer sweep cache failed on crows_ed95d860: 'Qwen2DecoderLayer' object has no attribute 'output'
2026-08-13 13:41:24,785 WARNING layer sweep cache failed on crows_ed95d860: 'Qwen2DecoderLayer' object has no attribute 'output'
2026-08-13 13:41:24,790 WARNING layer sweep cache failed on crows_ed95d860: 'Qwen2DecoderLayer' object has no attribute 'output'
2026-08-13 13:41:24,793 WARNING layer sweep cache failed on crows_edb8a8cc: 'Qwen2DecoderLayer' object has no attribute 'output'
2026-08-13 13:41:24,797 WARNING layer sweep cache failed on crows_f03001c6: 'Qwen2DecoderLayer' object has no attribute 'output'
2026-08-13 13:41:24,799 WARNING layer sweep cache failed on crows_f03001c6: 'Qwen2DecoderLayer' object has no attribute 'output'
2026-08-13 13:41:24,802 WARNING layer sweep cache failed on crows_f03001c6: 'Qwen2DecoderLayer' object has no attribute 'output'
2026-08-13 13:41:24,805 WARNING layer sweep cache failed on crows_f1739bdf: 'Qwen2DecoderLayer' object has no attribute 'output'
2026-08-13 13:41:24,807 WARNING layer sweep cache failed on crows_f1739bdf: 'Qwen2DecoderLayer' object has no attribute 'output'
2026-08-13 13:41:24,810 WARNING layer sweep cache failed on crows_f453b633: 'Qwen2DecoderLayer' object has no attribute 'output'
2026-08-13 13:41:24,813 WARNING layer sweep cache failed on crows_f453b633: 'Qwen2DecoderLayer' object has no attribute 'output'
2026-08-13 13:41:24,815 WARNING layer sweep cache failed on crows_fed10ede: 'Qwen2DecoderLayer' object has no attribute 'output'
2026-08-13 13:41:24,817 WARNING layer sweep cache failed on crows_fed10ede: 'Qwen2DecoderLayer' object has no attribute 'output'
2026-08-13 13:41:24,820 WARNING layer sweep cache failed on stereo_0252d67e: 'Qwen2DecoderLayer' object has no attribute 'output'
2026-08-13 13:41:24,823 WARNING layer sweep cache failed on stereo_0252d67e: 'Qwen2DecoderLayer' object has no attribute 'output'
2026-08-13 13:41:24,827 WARNING layer sweep cache failed on stereo_0252d67e: 'Qwen2DecoderLayer' object has no attribute 'output'
2026-08-13 13:41:24,830 WARNING layer sweep cache failed on stereo_0252d67e: 'Qwen2DecoderLayer' object has no attribute 'output'
2026-08-13 13:41:24,832 WARNING layer sweep cache failed on stereo_04a134d2: 'Qwen2DecoderLayer' object has no attribute 'output'
2026-08-13 13:41:24,835 WARNING layer sweep cache failed on stereo_04bb7841: 'Qwen2DecoderLayer' object has no attribute 'output'
2026-08-13 13:41:24,837 WARNING layer sweep cache failed on stereo_04bb7841: 'Qwen2DecoderLayer' object has no attribute 'output'
2026-08-13 13:41:24,840 WARNING layer sweep cache failed on stereo_04bb7841: 'Qwen2DecoderLayer' object has no attribute 'output'
2026-08-13 13:41:24,842 WARNING layer sweep cache failed on stereo_04bb7841: 'Qwen2DecoderLayer' object has no attribute 'output'
2026-08-13 13:41:24,845 WARNING layer sweep cache failed on stereo_05c44323: 'Qwen2DecoderLayer' object has no attribute 'output'
2026-08-13 13:41:24,849 WARNING layer sweep cache failed on stereo_05c44323: 'Qwen2DecoderLayer' object has no attribute 'output'
2026-08-13 13:41:24,852 WARNING layer sweep cache failed on stereo_05c44323: 'Qwen2DecoderLayer' object has no attribute 'output'
2026-08-13 13:41:24,855 WARNING layer sweep cache failed on stereo_05c44323: 'Qwen2DecoderLayer' object has no attribute 'output'
2026-08-13 13:41:24,857 WARNING layer sweep cache failed on stereo_061b749a: 'Qwen2DecoderLayer' object has no attribute 'output'
2026-08-13 13:41:24,860 WARNING layer sweep cache failed on stereo_06330916: 'Qwen2DecoderLayer' object has no attribute 'output'
2026-08-13 13:41:24,862 WARNING layer sweep cache failed on stereo_06330916: 'Qwen2DecoderLayer' object has no attribute 'output'
2026-08-13 13:41:24,865 WARNING layer sweep cache failed on stereo_06330916: 'Qwen2DecoderLayer' object has no attribute 'output'
2026-08-13 13:41:24,868 WARNING layer sweep cache failed on stereo_06330916: 'Qwen2DecoderLayer' object has no attribute 'output'
2026-08-13 13:41:24,870 WARNING layer sweep cache failed on stereo_06fb8082: 'Qwen2DecoderLayer' object has no attribute 'output'
2026-08-13 13:41:24,873 WARNING layer sweep cache failed on stereo_06fb8082: 'Qwen2DecoderLayer' object has no attribute 'output'
2026-08-13 13:41:24,875 WARNING layer sweep cache failed on stereo_07ec5ed2: 'Qwen2DecoderLayer' object has no attribute 'output'
2026-08-13 13:41:24,878 WARNING layer sweep cache failed on stereo_07ec5ed2: 'Qwen2DecoderLayer' object has no attribute 'output'
2026-08-13 13:41:24,880 WARNING layer sweep cache failed on stereo_07ec5ed2: 'Qwen2DecoderLayer' object has no attribute 'output'
2026-08-13 13:41:24,882 WARNING layer sweep cache failed on stereo_08f07a2b: 'Qwen2DecoderLayer' object has no attribute 'output'
2026-08-13 13:41:24,885 WARNING layer sweep cache failed on stereo_08f07a2b: 'Qwen2DecoderLayer' object has no attribute 'output'
2026-08-13 13:41:24,887 WARNING layer sweep cache failed on stereo_0a2ebeea: 'Qwen2DecoderLayer' object has no attribute 'output'
2026-08-13 13:41:24,890 WARNING layer sweep cache failed on stereo_0a2ebeea: 'Qwen2DecoderLayer' object has no attribute 'output'
2026-08-13 13:41:24,892 WARNING layer sweep cache failed on stereo_0a2ebeea: 'Qwen2DecoderLayer' object has no attribute 'output'
2026-08-13 13:41:24,894 WARNING layer sweep cache failed on stereo_0a2ebeea: 'Qwen2DecoderLayer' object has no attribute 'output'
2026-08-13 13:41:24,896 WARNING layer sweep cache failed on stereo_0a2ebeea: 'Qwen2DecoderLayer' object has no attribute 'output'
2026-08-13 13:41:24,899 WARNING layer sweep cache failed on stereo_0a2ebeea: 'Qwen2DecoderLayer' object has no attribute 'output'
2026-08-13 13:41:24,901 WARNING layer sweep cache failed on stereo_0ae68b49: 'Qwen2DecoderLayer' object has no attribute 'output'
2026-08-13 13:41:24,904 WARNING layer sweep cache failed on stereo_0ae68b49: 'Qwen2DecoderLayer' object has no attribute 'output'
2026-08-13 13:41:24,906 WARNING layer sweep cache failed on stereo_0ae68b49: 'Qwen2DecoderLayer' object has no attribute 'output'
2026-08-13 13:41:24,908 WARNING layer sweep cache failed on stereo_0da1c2d4: 'Qwen2DecoderLayer' object has no attribute 'output'
2026-08-13 13:41:24,911 WARNING layer sweep cache failed on stereo_0da1c2d4: 'Qwen2DecoderLayer' object has no attribute 'output'
2026-08-13 13:41:24,913 WARNING layer sweep cache failed on stereo_0e2fe415: 'Qwen2DecoderLayer' object has no attribute 'output'
2026-08-13 13:41:24,915 WARNING layer sweep cache failed on stereo_0e2fe415: 'Qwen2DecoderLayer' object has no attribute 'output'
2026-08-13 13:41:24,918 WARNING layer sweep cache failed on stereo_0e2fe415: 'Qwen2DecoderLayer' object has no attribute 'output'
2026-08-13 13:41:24,920 WARNING layer sweep cache failed on stereo_11772005: 'Qwen2DecoderLayer' object has no attribute 'output'
2026-08-13 13:41:24,923 WARNING layer sweep cache failed on stereo_11a33088: 'Qwen2DecoderLayer' object has no attribute 'output'
2026-08-13 13:41:24,925 WARNING layer sweep cache failed on stereo_11a33088: 'Qwen2DecoderLayer' object has no attribute 'output'
2026-08-13 13:41:24,928 WARNING layer sweep cache failed on stereo_125326f6: 'Qwen2DecoderLayer' object has no attribute 'output'
2026-08-13 13:41:24,930 WARNING layer sweep cache failed on stereo_199c7788: 'Qwen2DecoderLayer' object has no attribute 'output'
2026-08-13 13:41:24,933 WARNING layer sweep cache failed on stereo_199c7788: 'Qwen2DecoderLayer' object has no attribute 'output'
2026-08-13 13:41:24,935 WARNING layer sweep cache failed on stereo_199c7788: 'Qwen2DecoderLayer' object has no attribute 'output'
2026-08-13 13:41:24,938 WARNING layer sweep cache failed on stereo_1bfed305: 'Qwen2DecoderLayer' object has no attribute 'output'
2026-08-13 13:41:24,941 WARNING layer sweep cache failed on stereo_1bfed305: 'Qwen2DecoderLayer' object has no attribute 'output'
2026-08-13 13:41:24,944 WARNING layer sweep cache failed on stereo_1bfed305: 'Qwen2DecoderLayer' object has no attribute 'output'
2026-08-13 13:41:24,947 WARNING layer sweep cache failed on stereo_1c2e7ac1: 'Qwen2DecoderLayer' object has no attribute 'output'
2026-08-13 13:41:24,949 WARNING layer sweep cache failed on stereo_1c2e7ac1: 'Qwen2DecoderLayer' object has no attribute 'output'
2026-08-13 13:41:24,952 WARNING layer sweep cache failed on stereo_1c2e7ac1: 'Qwen2DecoderLayer' object has no attribute 'output'
2026-08-13 13:41:24,955 WARNING layer sweep cache failed on stereo_1d1478b4: 'Qwen2DecoderLayer' object has no attribute 'output'
2026-08-13 13:41:24,957 WARNING layer sweep cache failed on stereo_1d1478b4: 'Qwen2DecoderLayer' object has no attribute 'output'
2026-08-13 13:41:24,960 WARNING layer sweep cache failed on stereo_1d93c448: 'Qwen2DecoderLayer' object has no attribute 'output'
2026-08-13 13:41:24,963 WARNING layer sweep cache failed on stereo_1d93c448: 'Qwen2DecoderLayer' object has no attribute 'output'
2026-08-13 13:41:24,966 WARNING layer sweep cache failed on stereo_20acf14b: 'Qwen2DecoderLayer' object has no attribute 'output'
2026-08-13 13:41:24,968 WARNING layer sweep cache failed on stereo_210f1bae: 'Qwen2DecoderLayer' object has no attribute 'output'
2026-08-13 13:41:24,970 WARNING layer sweep cache failed on stereo_210f1bae: 'Qwen2DecoderLayer' object has no attribute 'output'
2026-08-13 13:41:24,973 WARNING layer sweep cache failed on stereo_210f1bae: 'Qwen2DecoderLayer' object has no attribute 'output'
2026-08-13 13:41:24,975 WARNING layer sweep cache failed on stereo_2416b3b7: 'Qwen2DecoderLayer' object has no attribute 'output'
2026-08-13 13:41:24,977 WARNING layer sweep cache failed on stereo_246bf629: 'Qwen2DecoderLayer' object has no attribute 'output'
2026-08-13 13:41:24,980 WARNING layer sweep cache failed on stereo_246bf629: 'Qwen2DecoderLayer' object has no attribute 'output'
2026-08-13 13:41:24,983 WARNING layer sweep cache failed on stereo_246bf629: 'Qwen2DecoderLayer' object has no attribute 'output'
2026-08-13 13:41:24,986 WARNING layer sweep cache failed on stereo_2a10eafd: 'Qwen2DecoderLayer' object has no attribute 'output'
2026-08-13 13:41:24,989 WARNING layer sweep cache failed on stereo_2a10eafd: 'Qwen2DecoderLayer' object has no attribute 'output'
2026-08-13 13:41:24,991 WARNING layer sweep cache failed on stereo_2a80b0aa: 'Qwen2DecoderLayer' object has no attribute 'output'
2026-08-13 13:41:24,994 WARNING layer sweep cache failed on stereo_2ad6c488: 'Qwen2DecoderLayer' object has no attribute 'output'
2026-08-13 13:41:24,996 WARNING layer sweep cache failed on stereo_2ad6c488: 'Qwen2DecoderLayer' object has no attribute 'output'
2026-08-13 13:41:24,999 WARNING layer sweep cache failed on stereo_2ad6c488: 'Qwen2DecoderLayer' object has no attribute 'output'
2026-08-13 13:41:25,001 WARNING layer sweep cache failed on stereo_2c687891: 'Qwen2DecoderLayer' object has no attribute 'output'
2026-08-13 13:41:25,003 WARNING layer sweep cache failed on stereo_2c687891: 'Qwen2DecoderLayer' object has no attribute 'output'
2026-08-13 13:41:25,006 WARNING layer sweep cache failed on stereo_2ce97677: 'Qwen2DecoderLayer' object has no attribute 'output'
2026-08-13 13:41:25,009 WARNING layer sweep cache failed on stereo_2f012359: 'Qwen2DecoderLayer' object has no attribute 'output'
2026-08-13 13:41:25,011 WARNING layer sweep cache failed on stereo_2f012359: 'Qwen2DecoderLayer' object has no attribute 'output'
2026-08-13 13:41:25,014 WARNING layer sweep cache failed on stereo_2f012359: 'Qwen2DecoderLayer' object has no attribute 'output'
2026-08-13 13:41:25,017 WARNING layer sweep cache failed on stereo_2f012359: 'Qwen2DecoderLayer' object has no attribute 'output'
2026-08-13 13:41:25,019 WARNING layer sweep cache failed on stereo_2f4bb948: 'Qwen2DecoderLayer' object has no attribute 'output'
2026-08-13 13:41:25,022 WARNING layer sweep cache failed on stereo_30f44448: 'Qwen2DecoderLayer' object has no attribute 'output'
2026-08-13 13:41:25,024 WARNING layer sweep cache failed on stereo_30f44448: 'Qwen2DecoderLayer' object has no attribute 'output'
2026-08-13 13:41:25,026 WARNING layer sweep cache failed on stereo_30f44448: 'Qwen2DecoderLayer' object has no attribute 'output'
2026-08-13 13:41:25,029 WARNING layer sweep cache failed on stereo_30f44448: 'Qwen2DecoderLayer' object has no attribute 'output'
2026-08-13 13:41:25,031 WARNING layer sweep cache failed on stereo_30f44448: 'Qwen2DecoderLayer' object has no attribute 'output'
2026-08-13 13:41:25,034 WARNING layer sweep cache failed on stereo_30f44448: 'Qwen2DecoderLayer' object has no attribute 'output'
2026-08-13 13:41:25,036 WARNING layer sweep cache failed on stereo_30f44448: 'Qwen2DecoderLayer' object has no attribute 'output'
2026-08-13 13:41:25,039 WARNING layer sweep cache failed on stereo_311c84ca: 'Qwen2DecoderLayer' object has no attribute 'output'
2026-08-13 13:41:25,042 WARNING layer sweep cache failed on stereo_311c84ca: 'Qwen2DecoderLayer' object has no attribute 'output'
2026-08-13 13:41:25,044 WARNING layer sweep cache failed on stereo_311c84ca: 'Qwen2DecoderLayer' object has no attribute 'output'
2026-08-13 13:41:25,047 WARNING layer sweep cache failed on stereo_31321162: 'Qwen2DecoderLayer' object has no attribute 'output'
2026-08-13 13:41:25,049 WARNING layer sweep cache failed on stereo_31321162: 'Qwen2DecoderLayer' object has no attribute 'output'
2026-08-13 13:41:25,051 WARNING layer sweep cache failed on stereo_31321162: 'Qwen2DecoderLayer' object has no attribute 'output'
2026-08-13 13:41:25,053 WARNING layer sweep cache failed on stereo_332c2032: 'Qwen2DecoderLayer' object has no attribute 'output'
2026-08-13 13:41:25,056 WARNING layer sweep cache failed on stereo_332c2032: 'Qwen2DecoderLayer' object has no attribute 'output'
2026-08-13 13:41:25,058 WARNING layer sweep cache failed on stereo_36b23433: 'Qwen2DecoderLayer' object has no attribute 'output'
2026-08-13 13:41:25,060 WARNING layer sweep cache failed on stereo_39dc03b5: 'Qwen2DecoderLayer' object has no attribute 'output'
2026-08-13 13:41:25,063 WARNING layer sweep cache failed on stereo_3c00beb4: 'Qwen2DecoderLayer' object has no attribute 'output'
2026-08-13 13:41:25,065 WARNING layer sweep cache failed on stereo_3c00beb4: 'Qwen2DecoderLayer' object has no attribute 'output'
2026-08-13 13:41:25,068 WARNING layer sweep cache failed on stereo_402300c3: 'Qwen2DecoderLayer' object has no attribute 'output'
2026-08-13 13:41:25,070 WARNING layer sweep cache failed on stereo_403a22a9: 'Qwen2DecoderLayer' object has no attribute 'output'
2026-08-13 13:41:25,073 WARNING layer sweep cache failed on stereo_403a22a9: 'Qwen2DecoderLayer' object has no attribute 'output'
2026-08-13 13:41:25,075 WARNING layer sweep cache failed on stereo_403a22a9: 'Qwen2DecoderLayer' object has no attribute 'output'
2026-08-13 13:41:25,078 WARNING layer sweep cache failed on stereo_43951dfd: 'Qwen2DecoderLayer' object has no attribute 'output'
2026-08-13 13:41:25,080 WARNING layer sweep cache failed on stereo_43951dfd: 'Qwen2DecoderLayer' object has no attribute 'output'
2026-08-13 13:41:25,083 WARNING layer sweep cache failed on stereo_44bfeb32: 'Qwen2DecoderLayer' object has no attribute 'output'
2026-08-13 13:41:25,086 WARNING layer sweep cache failed on stereo_44bfeb32: 'Qwen2DecoderLayer' object has no attribute 'output'
2026-08-13 13:41:25,088 WARNING layer sweep cache failed on stereo_44bfeb32: 'Qwen2DecoderLayer' object has no attribute 'output'
2026-08-13 13:41:25,091 WARNING layer sweep cache failed on stereo_44bfeb32: 'Qwen2DecoderLayer' object has no attribute 'output'
2026-08-13 13:41:25,093 WARNING layer sweep cache failed on stereo_44bfeb32: 'Qwen2DecoderLayer' object has no attribute 'output'
2026-08-13 13:41:25,096 WARNING layer sweep cache failed on stereo_47f602af: 'Qwen2DecoderLayer' object has no attribute 'output'
2026-08-13 13:41:25,099 WARNING layer sweep cache failed on stereo_48d2a36d: 'Qwen2DecoderLayer' object has no attribute 'output'
2026-08-13 13:41:25,102 WARNING layer sweep cache failed on stereo_48d2a36d: 'Qwen2DecoderLayer' object has no attribute 'output'
2026-08-13 13:41:25,105 WARNING layer sweep cache failed on stereo_48d2a36d: 'Qwen2DecoderLayer' object has no attribute 'output'
2026-08-13 13:41:25,107 WARNING layer sweep cache failed on stereo_49de45d1: 'Qwen2DecoderLayer' object has no attribute 'output'
2026-08-13 13:41:25,109 WARNING layer sweep cache failed on stereo_49de45d1: 'Qwen2DecoderLayer' object has no attribute 'output'
2026-08-13 13:41:25,112 WARNING layer sweep cache failed on stereo_4a5a4836: 'Qwen2DecoderLayer' object has no attribute 'output'
2026-08-13 13:41:25,115 WARNING layer sweep cache failed on stereo_4a5a4836: 'Qwen2DecoderLayer' object has no attribute 'output'
2026-08-13 13:41:25,118 WARNING layer sweep cache failed on stereo_4a5a4836: 'Qwen2DecoderLayer' object has no attribute 'output'
2026-08-13 13:41:25,121 WARNING layer sweep cache failed on stereo_4a5a4836: 'Qwen2DecoderLayer' object has no attribute 'output'
2026-08-13 13:41:25,124 WARNING layer sweep cache failed on stereo_4a5a4836: 'Qwen2DecoderLayer' object has no attribute 'output'
2026-08-13 13:41:25,127 WARNING layer sweep cache failed on stereo_4a8aa367: 'Qwen2DecoderLayer' object has no attribute 'output'
2026-08-13 13:41:25,129 WARNING layer sweep cache failed on stereo_4a9d42ad: 'Qwen2DecoderLayer' object has no attribute 'output'
2026-08-13 13:41:25,131 WARNING layer sweep cache failed on stereo_4a9d42ad: 'Qwen2DecoderLayer' object has no attribute 'output'
2026-08-13 13:41:25,134 WARNING layer sweep cache failed on stereo_4a9d42ad: 'Qwen2DecoderLayer' object has no attribute 'output'
2026-08-13 13:41:25,136 WARNING layer sweep cache failed on stereo_4e6b168c: 'Qwen2DecoderLayer' object has no attribute 'output'
2026-08-13 13:41:25,139 WARNING layer sweep cache failed on stereo_4e6b168c: 'Qwen2DecoderLayer' object has no attribute 'output'
2026-08-13 13:41:25,141 WARNING layer sweep cache failed on stereo_4e7a9b03: 'Qwen2DecoderLayer' object has no attribute 'output'
2026-08-13 13:41:25,143 WARNING layer sweep cache failed on stereo_4e7a9b03: 'Qwen2DecoderLayer' object has no attribute 'output'
2026-08-13 13:41:25,146 WARNING layer sweep cache failed on stereo_4fadfbac: 'Qwen2DecoderLayer' object has no attribute 'output'
2026-08-13 13:41:25,148 WARNING layer sweep cache failed on stereo_501a5d24: 'Qwen2DecoderLayer' object has no attribute 'output'
2026-08-13 13:41:25,150 WARNING layer sweep cache failed on stereo_501a5d24: 'Qwen2DecoderLayer' object has no attribute 'output'
2026-08-13 13:41:25,153 WARNING layer sweep cache failed on stereo_503ec9c8: 'Qwen2DecoderLayer' object has no attribute 'output'
2026-08-13 13:41:25,156 WARNING layer sweep cache failed on stereo_503ec9c8: 'Qwen2DecoderLayer' object has no attribute 'output'
2026-08-13 13:41:25,159 WARNING layer sweep cache failed on stereo_503ec9c8: 'Qwen2DecoderLayer' object has no attribute 'output'
2026-08-13 13:41:25,162 WARNING layer sweep cache failed on stereo_503ec9c8: 'Qwen2DecoderLayer' object has no attribute 'output'
2026-08-13 13:41:25,164 WARNING layer sweep cache failed on stereo_55adaef4: 'Qwen2DecoderLayer' object has no attribute 'output'
2026-08-13 13:41:25,166 WARNING layer sweep cache failed on stereo_55adaef4: 'Qwen2DecoderLayer' object has no attribute 'output'
2026-08-13 13:41:25,168 WARNING layer sweep cache failed on stereo_56249790: 'Qwen2DecoderLayer' object has no attribute 'output'
2026-08-13 13:41:25,171 WARNING layer sweep cache failed on stereo_56249790: 'Qwen2DecoderLayer' object has no attribute 'output'
2026-08-13 13:41:25,173 WARNING layer sweep cache failed on stereo_56249790: 'Qwen2DecoderLayer' object has no attribute 'output'
2026-08-13 13:41:25,175 WARNING layer sweep cache failed on stereo_56249790: 'Qwen2DecoderLayer' object has no attribute 'output'
2026-08-13 13:41:25,177 WARNING layer sweep cache failed on stereo_56249790: 'Qwen2DecoderLayer' object has no attribute 'output'
2026-08-13 13:41:25,179 WARNING layer sweep cache failed on stereo_56249790: 'Qwen2DecoderLayer' object has no attribute 'output'
2026-08-13 13:41:25,182 WARNING layer sweep cache failed on stereo_5c2a7f92: 'Qwen2DecoderLayer' object has no attribute 'output'
2026-08-13 13:41:25,184 WARNING layer sweep cache failed on stereo_5f6b432c: 'Qwen2DecoderLayer' object has no attribute 'output'
2026-08-13 13:41:25,186 WARNING layer sweep cache failed on stereo_5f82277a: 'Qwen2DecoderLayer' object has no attribute 'output'
2026-08-13 13:41:25,189 WARNING layer sweep cache failed on stereo_60a3eb76: 'Qwen2DecoderLayer' object has no attribute 'output'
2026-08-13 13:41:25,192 WARNING layer sweep cache failed on stereo_63f0de8b: 'Qwen2DecoderLayer' object has no attribute 'output'
2026-08-13 13:41:25,195 WARNING layer sweep cache failed on stereo_66df5a79: 'Qwen2DecoderLayer' object has no attribute 'output'
2026-08-13 13:41:25,197 WARNING layer sweep cache failed on stereo_6a3ee0e9: 'Qwen2DecoderLayer' object has no attribute 'output'
2026-08-13 13:41:25,200 WARNING layer sweep cache failed on stereo_6a3ee0e9: 'Qwen2DecoderLayer' object has no attribute 'output'
2026-08-13 13:41:25,202 WARNING layer sweep cache failed on stereo_6a3ee0e9: 'Qwen2DecoderLayer' object has no attribute 'output'
2026-08-13 13:41:25,205 WARNING layer sweep cache failed on stereo_6ae73d1b: 'Qwen2DecoderLayer' object has no attribute 'output'
2026-08-13 13:41:25,208 WARNING layer sweep cache failed on stereo_6cec2b7d: 'Qwen2DecoderLayer' object has no attribute 'output'
2026-08-13 13:41:25,210 WARNING layer sweep cache failed on stereo_6e03ba2c: 'Qwen2DecoderLayer' object has no attribute 'output'
2026-08-13 13:41:25,212 WARNING layer sweep cache failed on stereo_6e7d911d: 'Qwen2DecoderLayer' object has no attribute 'output'
2026-08-13 13:41:25,215 WARNING layer sweep cache failed on stereo_6e7d911d: 'Qwen2DecoderLayer' object has no attribute 'output'
2026-08-13 13:41:25,217 WARNING layer sweep cache failed on stereo_739fd69f: 'Qwen2DecoderLayer' object has no attribute 'output'
2026-08-13 13:41:25,220 WARNING layer sweep cache failed on stereo_7413f429: 'Qwen2DecoderLayer' object has no attribute 'output'
2026-08-13 13:41:25,223 WARNING layer sweep cache failed on stereo_74d43971: 'Qwen2DecoderLayer' object has no attribute 'output'
2026-08-13 13:41:25,225 WARNING layer sweep cache failed on stereo_74d43971: 'Qwen2DecoderLayer' object has no attribute 'output'
2026-08-13 13:41:25,228 WARNING layer sweep cache failed on stereo_7665d063: 'Qwen2DecoderLayer' object has no attribute 'output'
2026-08-13 13:41:25,231 WARNING layer sweep cache failed on stereo_7665d063: 'Qwen2DecoderLayer' object has no attribute 'output'
2026-08-13 13:41:25,233 WARNING layer sweep cache failed on stereo_766dc7a8: 'Qwen2DecoderLayer' object has no attribute 'output'
2026-08-13 13:41:25,235 WARNING layer sweep cache failed on stereo_7a1df8e0: 'Qwen2DecoderLayer' object has no attribute 'output'
2026-08-13 13:41:25,238 WARNING layer sweep cache failed on stereo_7a1df8e0: 'Qwen2DecoderLayer' object has no attribute 'output'
2026-08-13 13:41:25,240 WARNING layer sweep cache failed on stereo_7a1df8e0: 'Qwen2DecoderLayer' object has no attribute 'output'
2026-08-13 13:41:25,242 WARNING layer sweep cache failed on stereo_7a8f2352: 'Qwen2DecoderLayer' object has no attribute 'output'
2026-08-13 13:41:25,245 WARNING layer sweep cache failed on stereo_7a8f2352: 'Qwen2DecoderLayer' object has no attribute 'output'
2026-08-13 13:41:25,247 WARNING layer sweep cache failed on stereo_7aa46999: 'Qwen2DecoderLayer' object has no attribute 'output'
2026-08-13 13:41:25,250 WARNING layer sweep cache failed on stereo_7aa46999: 'Qwen2DecoderLayer' object has no attribute 'output'
2026-08-13 13:41:25,252 WARNING layer sweep cache failed on stereo_7b437cdf: 'Qwen2DecoderLayer' object has no attribute 'output'
2026-08-13 13:41:25,254 WARNING layer sweep cache failed on stereo_7b437cdf: 'Qwen2DecoderLayer' object has no attribute 'output'
2026-08-13 13:41:25,256 WARNING layer sweep cache failed on stereo_7b437cdf: 'Qwen2DecoderLayer' object has no attribute 'output'
2026-08-13 13:41:25,259 WARNING layer sweep cache failed on stereo_7b66cbe9: 'Qwen2DecoderLayer' object has no attribute 'output'
2026-08-13 13:41:25,262 WARNING layer sweep cache failed on stereo_7b66cbe9: 'Qwen2DecoderLayer' object has no attribute 'output'
2026-08-13 13:41:25,265 WARNING layer sweep cache failed on stereo_7b66cbe9: 'Qwen2DecoderLayer' object has no attribute 'output'
2026-08-13 13:41:25,268 WARNING layer sweep cache failed on stereo_7b7cddca: 'Qwen2DecoderLayer' object has no attribute 'output'
2026-08-13 13:41:25,270 WARNING layer sweep cache failed on stereo_7c8efbdb: 'Qwen2DecoderLayer' object has no attribute 'output'
2026-08-13 13:41:25,272 WARNING layer sweep cache failed on stereo_7c8efbdb: 'Qwen2DecoderLayer' object has no attribute 'output'
2026-08-13 13:41:25,279 WARNING layer sweep cache failed on stereo_7c8efbdb: 'Qwen2DecoderLayer' object has no attribute 'output'
2026-08-13 13:41:25,284 WARNING layer sweep cache failed on stereo_7d9adab9: 'Qwen2DecoderLayer' object has no attribute 'output'
2026-08-13 13:41:25,288 WARNING layer sweep cache failed on stereo_7d9adab9: 'Qwen2DecoderLayer' object has no attribute 'output'
2026-08-13 13:41:25,292 WARNING layer sweep cache failed on stereo_7d9adab9: 'Qwen2DecoderLayer' object has no attribute 'output'
2026-08-13 13:41:25,295 WARNING layer sweep cache failed on stereo_7d9adab9: 'Qwen2DecoderLayer' object has no attribute 'output'
2026-08-13 13:41:25,299 WARNING layer sweep cache failed on stereo_7d9adab9: 'Qwen2DecoderLayer' object has no attribute 'output'
2026-08-13 13:41:25,301 WARNING layer sweep cache failed on stereo_7db9d676: 'Qwen2DecoderLayer' object has no attribute 'output'
2026-08-13 13:41:25,303 WARNING layer sweep cache failed on stereo_7e78661f: 'Qwen2DecoderLayer' object has no attribute 'output'
2026-08-13 13:41:25,306 WARNING layer sweep cache failed on stereo_7e9d66fe: 'Qwen2DecoderLayer' object has no attribute 'output'
2026-08-13 13:41:25,309 WARNING layer sweep cache failed on stereo_7e9d66fe: 'Qwen2DecoderLayer' object has no attribute 'output'
2026-08-13 13:41:25,311 WARNING layer sweep cache failed on stereo_7e9d66fe: 'Qwen2DecoderLayer' object has no attribute 'output'
2026-08-13 13:41:25,313 WARNING layer sweep cache failed on stereo_7f348df5: 'Qwen2DecoderLayer' object has no attribute 'output'
2026-08-13 13:41:25,316 WARNING layer sweep cache failed on stereo_80135259: 'Qwen2DecoderLayer' object has no attribute 'output'
2026-08-13 13:41:25,318 WARNING layer sweep cache failed on stereo_80135259: 'Qwen2DecoderLayer' object has no attribute 'output'
2026-08-13 13:41:25,320 WARNING layer sweep cache failed on stereo_80135259: 'Qwen2DecoderLayer' object has no attribute 'output'
2026-08-13 13:41:25,322 WARNING layer sweep cache failed on stereo_80135259: 'Qwen2DecoderLayer' object has no attribute 'output'
2026-08-13 13:41:25,325 WARNING layer sweep cache failed on stereo_82ce68f5: 'Qwen2DecoderLayer' object has no attribute 'output'
2026-08-13 13:41:25,327 WARNING layer sweep cache failed on stereo_82ce68f5: 'Qwen2DecoderLayer' object has no attribute 'output'
2026-08-13 13:41:25,330 WARNING layer sweep cache failed on stereo_82ce68f5: 'Qwen2DecoderLayer' object has no attribute 'output'
2026-08-13 13:41:25,333 WARNING layer sweep cache failed on stereo_82ce68f5: 'Qwen2DecoderLayer' object has no attribute 'output'
2026-08-13 13:41:25,336 WARNING layer sweep cache failed on stereo_84bcedac: 'Qwen2DecoderLayer' object has no attribute 'output'
2026-08-13 13:41:25,338 WARNING layer sweep cache failed on stereo_84bcedac: 'Qwen2DecoderLayer' object has no attribute 'output'
2026-08-13 13:41:25,340 WARNING layer sweep cache failed on stereo_84bcedac: 'Qwen2DecoderLayer' object has no attribute 'output'
2026-08-13 13:41:25,343 WARNING layer sweep cache failed on stereo_859c9ce9: 'Qwen2DecoderLayer' object has no attribute 'output'
2026-08-13 13:41:25,345 WARNING layer sweep cache failed on stereo_859c9ce9: 'Qwen2DecoderLayer' object has no attribute 'output'
2026-08-13 13:41:25,348 WARNING layer sweep cache failed on stereo_859c9ce9: 'Qwen2DecoderLayer' object has no attribute 'output'
2026-08-13 13:41:25,351 WARNING layer sweep cache failed on stereo_85f59cf8: 'Qwen2DecoderLayer' object has no attribute 'output'
2026-08-13 13:41:25,354 WARNING layer sweep cache failed on stereo_85f59cf8: 'Qwen2DecoderLayer' object has no attribute 'output'
2026-08-13 13:41:25,356 WARNING layer sweep cache failed on stereo_85f59cf8: 'Qwen2DecoderLayer' object has no attribute 'output'
2026-08-13 13:41:25,359 WARNING layer sweep cache failed on stereo_889419f6: 'Qwen2DecoderLayer' object has no attribute 'output'
2026-08-13 13:41:25,362 WARNING layer sweep cache failed on stereo_889419f6: 'Qwen2DecoderLayer' object has no attribute 'output'
2026-08-13 13:41:25,364 WARNING layer sweep cache failed on stereo_889419f6: 'Qwen2DecoderLayer' object has no attribute 'output'
2026-08-13 13:41:25,366 WARNING layer sweep cache failed on stereo_8981b918: 'Qwen2DecoderLayer' object has no attribute 'output'
2026-08-13 13:41:25,369 WARNING layer sweep cache failed on stereo_8981b918: 'Qwen2DecoderLayer' object has no attribute 'output'
2026-08-13 13:41:25,371 WARNING layer sweep cache failed on stereo_8ac4ff95: 'Qwen2DecoderLayer' object has no attribute 'output'
2026-08-13 13:41:25,373 WARNING layer sweep cache failed on stereo_8ac4ff95: 'Qwen2DecoderLayer' object has no attribute 'output'
2026-08-13 13:41:25,376 WARNING layer sweep cache failed on stereo_8ac4ff95: 'Qwen2DecoderLayer' object has no attribute 'output'
2026-08-13 13:41:25,378 WARNING layer sweep cache failed on stereo_8c19afb1: 'Qwen2DecoderLayer' object has no attribute 'output'
2026-08-13 13:41:25,380 WARNING layer sweep cache failed on stereo_8c19afb1: 'Qwen2DecoderLayer' object has no attribute 'output'
2026-08-13 13:41:25,383 WARNING layer sweep cache failed on stereo_8c19afb1: 'Qwen2DecoderLayer' object has no attribute 'output'
2026-08-13 13:41:25,385 WARNING layer sweep cache failed on stereo_8efc9d07: 'Qwen2DecoderLayer' object has no attribute 'output'
2026-08-13 13:41:25,388 WARNING layer sweep cache failed on stereo_8efc9d07: 'Qwen2DecoderLayer' object has no attribute 'output'
2026-08-13 13:41:25,391 WARNING layer sweep cache failed on stereo_8efc9d07: 'Qwen2DecoderLayer' object has no attribute 'output'
2026-08-13 13:41:25,394 WARNING layer sweep cache failed on stereo_8efc9d07: 'Qwen2DecoderLayer' object has no attribute 'output'
2026-08-13 13:41:25,396 WARNING layer sweep cache failed on stereo_8ff2fdd0: 'Qwen2DecoderLayer' object has no attribute 'output'
2026-08-13 13:41:25,398 WARNING layer sweep cache failed on stereo_8ff2fdd0: 'Qwen2DecoderLayer' object has no attribute 'output'
2026-08-13 13:41:25,401 WARNING layer sweep cache failed on stereo_94925ed2: 'Qwen2DecoderLayer' object has no attribute 'output'
2026-08-13 13:41:25,404 WARNING layer sweep cache failed on stereo_962bc336: 'Qwen2DecoderLayer' object has no attribute 'output'
2026-08-13 13:41:25,406 WARNING layer sweep cache failed on stereo_962bc336: 'Qwen2DecoderLayer' object has no attribute 'output'
2026-08-13 13:41:25,408 WARNING layer sweep cache failed on stereo_962bc336: 'Qwen2DecoderLayer' object has no attribute 'output'
2026-08-13 13:41:25,410 WARNING layer sweep cache failed on stereo_962bc336: 'Qwen2DecoderLayer' object has no attribute 'output'
2026-08-13 13:41:25,413 WARNING layer sweep cache failed on stereo_968c356c: 'Qwen2DecoderLayer' object has no attribute 'output'
2026-08-13 13:41:25,415 WARNING layer sweep cache failed on stereo_968c356c: 'Qwen2DecoderLayer' object has no attribute 'output'
2026-08-13 13:41:25,418 WARNING layer sweep cache failed on stereo_97d1f972: 'Qwen2DecoderLayer' object has no attribute 'output'
2026-08-13 13:41:25,420 WARNING layer sweep cache failed on stereo_97d1f972: 'Qwen2DecoderLayer' object has no attribute 'output'
2026-08-13 13:41:25,423 WARNING layer sweep cache failed on stereo_97d1f972: 'Qwen2DecoderLayer' object has no attribute 'output'
2026-08-13 13:41:25,426 WARNING layer sweep cache failed on stereo_9d280ba8: 'Qwen2DecoderLayer' object has no attribute 'output'
2026-08-13 13:41:25,428 WARNING layer sweep cache failed on stereo_9da543d7: 'Qwen2DecoderLayer' object has no attribute 'output'
2026-08-13 13:41:25,431 WARNING layer sweep cache failed on stereo_9f5e501d: 'Qwen2DecoderLayer' object has no attribute 'output'
2026-08-13 13:41:25,434 WARNING layer sweep cache failed on stereo_9f5e501d: 'Qwen2DecoderLayer' object has no attribute 'output'
2026-08-13 13:41:25,436 WARNING layer sweep cache failed on stereo_a39c8d31: 'Qwen2DecoderLayer' object has no attribute 'output'
2026-08-13 13:41:25,439 WARNING layer sweep cache failed on stereo_a39c8d31: 'Qwen2DecoderLayer' object has no attribute 'output'
2026-08-13 13:41:25,441 WARNING layer sweep cache failed on stereo_a39c8d31: 'Qwen2DecoderLayer' object has no attribute 'output'
2026-08-13 13:41:25,444 WARNING layer sweep cache failed on stereo_a39c8d31: 'Qwen2DecoderLayer' object has no attribute 'output'
2026-08-13 13:41:25,447 WARNING layer sweep cache failed on stereo_a3efe0a2: 'Qwen2DecoderLayer' object has no attribute 'output'
2026-08-13 13:41:25,449 WARNING layer sweep cache failed on stereo_a6fa1457: 'Qwen2DecoderLayer' object has no attribute 'output'
2026-08-13 13:41:25,452 WARNING layer sweep cache failed on stereo_a6fa1457: 'Qwen2DecoderLayer' object has no attribute 'output'
2026-08-13 13:41:25,454 WARNING layer sweep cache failed on stereo_a8813fc5: 'Qwen2DecoderLayer' object has no attribute 'output'
2026-08-13 13:41:25,457 WARNING layer sweep cache failed on stereo_a8831983: 'Qwen2DecoderLayer' object has no attribute 'output'
2026-08-13 13:41:25,459 WARNING layer sweep cache failed on stereo_a8831983: 'Qwen2DecoderLayer' object has no attribute 'output'
2026-08-13 13:41:25,461 WARNING layer sweep cache failed on stereo_a8831983: 'Qwen2DecoderLayer' object has no attribute 'output'
2026-08-13 13:41:25,463 WARNING layer sweep cache failed on stereo_aab76d1c: 'Qwen2DecoderLayer' object has no attribute 'output'
2026-08-13 13:41:25,466 WARNING layer sweep cache failed on stereo_aab76d1c: 'Qwen2DecoderLayer' object has no attribute 'output'
2026-08-13 13:41:25,468 WARNING layer sweep cache failed on stereo_abcc35ef: 'Qwen2DecoderLayer' object has no attribute 'output'
2026-08-13 13:41:25,471 WARNING layer sweep cache failed on stereo_abcc35ef: 'Qwen2DecoderLayer' object has no attribute 'output'
2026-08-13 13:41:25,473 WARNING layer sweep cache failed on stereo_abcc35ef: 'Qwen2DecoderLayer' object has no attribute 'output'
2026-08-13 13:41:25,476 WARNING layer sweep cache failed on stereo_abcc35ef: 'Qwen2DecoderLayer' object has no attribute 'output'
2026-08-13 13:41:25,478 WARNING layer sweep cache failed on stereo_abcc35ef: 'Qwen2DecoderLayer' object has no attribute 'output'
2026-08-13 13:41:25,481 WARNING layer sweep cache failed on stereo_abcc35ef: 'Qwen2DecoderLayer' object has no attribute 'output'
2026-08-13 13:41:25,483 WARNING layer sweep cache failed on stereo_ae29ca10: 'Qwen2DecoderLayer' object has no attribute 'output'
2026-08-13 13:41:25,485 WARNING layer sweep cache failed on stereo_ae29ca10: 'Qwen2DecoderLayer' object has no attribute 'output'
2026-08-13 13:41:25,488 WARNING layer sweep cache failed on stereo_b078344b: 'Qwen2DecoderLayer' object has no attribute 'output'
2026-08-13 13:41:25,490 WARNING layer sweep cache failed on stereo_b74af239: 'Qwen2DecoderLayer' object has no attribute 'output'
2026-08-13 13:41:25,493 WARNING layer sweep cache failed on stereo_b74af239: 'Qwen2DecoderLayer' object has no attribute 'output'
2026-08-13 13:41:25,495 WARNING layer sweep cache failed on stereo_b74af239: 'Qwen2DecoderLayer' object has no attribute 'output'
2026-08-13 13:41:25,498 WARNING layer sweep cache failed on stereo_b74af239: 'Qwen2DecoderLayer' object has no attribute 'output'
2026-08-13 13:41:25,500 WARNING layer sweep cache failed on stereo_b8c423fd: 'Qwen2DecoderLayer' object has no attribute 'output'
2026-08-13 13:41:25,503 WARNING layer sweep cache failed on stereo_b8c423fd: 'Qwen2DecoderLayer' object has no attribute 'output'
2026-08-13 13:41:25,505 WARNING layer sweep cache failed on stereo_b8c423fd: 'Qwen2DecoderLayer' object has no attribute 'output'
2026-08-13 13:41:25,507 WARNING layer sweep cache failed on stereo_b8c423fd: 'Qwen2DecoderLayer' object has no attribute 'output'
2026-08-13 13:41:25,509 WARNING layer sweep cache failed on stereo_bd3abe56: 'Qwen2DecoderLayer' object has no attribute 'output'
2026-08-13 13:41:25,512 WARNING layer sweep cache failed on stereo_be3917fa: 'Qwen2DecoderLayer' object has no attribute 'output'
2026-08-13 13:41:25,514 WARNING layer sweep cache failed on stereo_be3917fa: 'Qwen2DecoderLayer' object has no attribute 'output'
2026-08-13 13:41:25,517 WARNING layer sweep cache failed on stereo_be3917fa: 'Qwen2DecoderLayer' object has no attribute 'output'
2026-08-13 13:41:25,519 WARNING layer sweep cache failed on stereo_be3917fa: 'Qwen2DecoderLayer' object has no attribute 'output'
2026-08-13 13:41:25,522 WARNING layer sweep cache failed on stereo_becf212b: 'Qwen2DecoderLayer' object has no attribute 'output'
2026-08-13 13:41:25,524 WARNING layer sweep cache failed on stereo_becf212b: 'Qwen2DecoderLayer' object has no attribute 'output'
2026-08-13 13:41:25,526 WARNING layer sweep cache failed on stereo_becf212b: 'Qwen2DecoderLayer' object has no attribute 'output'
2026-08-13 13:41:25,528 WARNING layer sweep cache failed on stereo_becf212b: 'Qwen2DecoderLayer' object has no attribute 'output'
2026-08-13 13:41:25,531 WARNING layer sweep cache failed on stereo_c0429cb9: 'Qwen2DecoderLayer' object has no attribute 'output'
2026-08-13 13:41:25,533 WARNING layer sweep cache failed on stereo_c13a4604: 'Qwen2DecoderLayer' object has no attribute 'output'
2026-08-13 13:41:25,535 WARNING layer sweep cache failed on stereo_c13a4604: 'Qwen2DecoderLayer' object has no attribute 'output'
2026-08-13 13:41:25,537 WARNING layer sweep cache failed on stereo_c13a4604: 'Qwen2DecoderLayer' object has no attribute 'output'
2026-08-13 13:41:25,540 WARNING layer sweep cache failed on stereo_c13a4604: 'Qwen2DecoderLayer' object has no attribute 'output'
2026-08-13 13:41:25,542 WARNING layer sweep cache failed on stereo_c13a4604: 'Qwen2DecoderLayer' object has no attribute 'output'
2026-08-13 13:41:25,545 WARNING layer sweep cache failed on stereo_c2c46669: 'Qwen2DecoderLayer' object has no attribute 'output'
2026-08-13 13:41:25,547 WARNING layer sweep cache failed on stereo_c2c46669: 'Qwen2DecoderLayer' object has no attribute 'output'
2026-08-13 13:41:25,550 WARNING layer sweep cache failed on stereo_c2c46669: 'Qwen2DecoderLayer' object has no attribute 'output'
2026-08-13 13:41:25,552 WARNING layer sweep cache failed on stereo_c2c46669: 'Qwen2DecoderLayer' object has no attribute 'output'
2026-08-13 13:41:25,555 WARNING layer sweep cache failed on stereo_c3eb027a: 'Qwen2DecoderLayer' object has no attribute 'output'
2026-08-13 13:41:25,558 WARNING layer sweep cache failed on stereo_c3eb027a: 'Qwen2DecoderLayer' object has no attribute 'output'
2026-08-13 13:41:25,560 WARNING layer sweep cache failed on stereo_c3eb027a: 'Qwen2DecoderLayer' object has no attribute 'output'
2026-08-13 13:41:25,563 WARNING layer sweep cache failed on stereo_c4552655: 'Qwen2DecoderLayer' object has no attribute 'output'
2026-08-13 13:41:25,565 WARNING layer sweep cache failed on stereo_c468235a: 'Qwen2DecoderLayer' object has no attribute 'output'
2026-08-13 13:41:25,568 WARNING layer sweep cache failed on stereo_c468235a: 'Qwen2DecoderLayer' object has no attribute 'output'
2026-08-13 13:41:25,572 WARNING layer sweep cache failed on stereo_c6a2aa99: 'Qwen2DecoderLayer' object has no attribute 'output'
2026-08-13 13:41:25,576 WARNING layer sweep cache failed on stereo_c6a2aa99: 'Qwen2DecoderLayer' object has no attribute 'output'
2026-08-13 13:41:25,579 WARNING layer sweep cache failed on stereo_c6a2aa99: 'Qwen2DecoderLayer' object has no attribute 'output'
2026-08-13 13:41:25,583 WARNING layer sweep cache failed on stereo_c6a2aa99: 'Qwen2DecoderLayer' object has no attribute 'output'
2026-08-13 13:41:25,587 WARNING layer sweep cache failed on stereo_c6a2aa99: 'Qwen2DecoderLayer' object has no attribute 'output'
2026-08-13 13:41:25,590 WARNING layer sweep cache failed on stereo_c6a2aa99: 'Qwen2DecoderLayer' object has no attribute 'output'
2026-08-13 13:41:25,593 WARNING layer sweep cache failed on stereo_c9474b86: 'Qwen2DecoderLayer' object has no attribute 'output'
2026-08-13 13:41:25,596 WARNING layer sweep cache failed on stereo_c9474b86: 'Qwen2DecoderLayer' object has no attribute 'output'
2026-08-13 13:41:25,599 WARNING layer sweep cache failed on stereo_c9474b86: 'Qwen2DecoderLayer' object has no attribute 'output'
2026-08-13 13:41:25,602 WARNING layer sweep cache failed on stereo_c9474b86: 'Qwen2DecoderLayer' object has no attribute 'output'
2026-08-13 13:41:25,605 WARNING layer sweep cache failed on stereo_c9474b86: 'Qwen2DecoderLayer' object has no attribute 'output'
2026-08-13 13:41:25,608 WARNING layer sweep cache failed on stereo_cd0cfa92: 'Qwen2DecoderLayer' object has no attribute 'output'
2026-08-13 13:41:25,610 WARNING layer sweep cache failed on stereo_cf6ba3fd: 'Qwen2DecoderLayer' object has no attribute 'output'
2026-08-13 13:41:25,613 WARNING layer sweep cache failed on stereo_d018bcd5: 'Qwen2DecoderLayer' object has no attribute 'output'
2026-08-13 13:41:25,615 WARNING layer sweep cache failed on stereo_d018bcd5: 'Qwen2DecoderLayer' object has no attribute 'output'
2026-08-13 13:41:25,618 WARNING layer sweep cache failed on stereo_d0776e53: 'Qwen2DecoderLayer' object has no attribute 'output'
2026-08-13 13:41:25,620 WARNING layer sweep cache failed on stereo_d0776e53: 'Qwen2DecoderLayer' object has no attribute 'output'
2026-08-13 13:41:25,622 WARNING layer sweep cache failed on stereo_d0776e53: 'Qwen2DecoderLayer' object has no attribute 'output'
2026-08-13 13:41:25,625 WARNING layer sweep cache failed on stereo_d0776e53: 'Qwen2DecoderLayer' object has no attribute 'output'
2026-08-13 13:41:25,627 WARNING layer sweep cache failed on stereo_d0776e53: 'Qwen2DecoderLayer' object has no attribute 'output'
2026-08-13 13:41:25,630 WARNING layer sweep cache failed on stereo_d0776e53: 'Qwen2DecoderLayer' object has no attribute 'output'
2026-08-13 13:41:25,633 WARNING layer sweep cache failed on stereo_d21b22b4: 'Qwen2DecoderLayer' object has no attribute 'output'
2026-08-13 13:41:25,635 WARNING layer sweep cache failed on stereo_d21b22b4: 'Qwen2DecoderLayer' object has no attribute 'output'
2026-08-13 13:41:25,638 WARNING layer sweep cache failed on stereo_d21b22b4: 'Qwen2DecoderLayer' object has no attribute 'output'
2026-08-13 13:41:25,641 WARNING layer sweep cache failed on stereo_d21b22b4: 'Qwen2DecoderLayer' object has no attribute 'output'
2026-08-13 13:41:25,644 WARNING layer sweep cache failed on stereo_d21b22b4: 'Qwen2DecoderLayer' object has no attribute 'output'
2026-08-13 13:41:25,646 WARNING layer sweep cache failed on stereo_d3af7de2: 'Qwen2DecoderLayer' object has no attribute 'output'
2026-08-13 13:41:25,648 WARNING layer sweep cache failed on stereo_d3af7de2: 'Qwen2DecoderLayer' object has no attribute 'output'
2026-08-13 13:41:25,650 WARNING layer sweep cache failed on stereo_d3af7de2: 'Qwen2DecoderLayer' object has no attribute 'output'
2026-08-13 13:41:25,653 WARNING layer sweep cache failed on stereo_d3af7de2: 'Qwen2DecoderLayer' object has no attribute 'output'
2026-08-13 13:41:25,655 WARNING layer sweep cache failed on stereo_d3af7de2: 'Qwen2DecoderLayer' object has no attribute 'output'
2026-08-13 13:41:25,658 WARNING layer sweep cache failed on stereo_d51a677d: 'Qwen2DecoderLayer' object has no attribute 'output'
2026-08-13 13:41:25,660 WARNING layer sweep cache failed on stereo_d51a677d: 'Qwen2DecoderLayer' object has no attribute 'output'
2026-08-13 13:41:25,663 WARNING layer sweep cache failed on stereo_d54edd23: 'Qwen2DecoderLayer' object has no attribute 'output'
2026-08-13 13:41:25,665 WARNING layer sweep cache failed on stereo_d54edd23: 'Qwen2DecoderLayer' object has no attribute 'output'
2026-08-13 13:41:25,668 WARNING layer sweep cache failed on stereo_da9ca390: 'Qwen2DecoderLayer' object has no attribute 'output'
2026-08-13 13:41:25,670 WARNING layer sweep cache failed on stereo_da9ca390: 'Qwen2DecoderLayer' object has no attribute 'output'
2026-08-13 13:41:25,673 WARNING layer sweep cache failed on stereo_da9ca390: 'Qwen2DecoderLayer' object has no attribute 'output'
2026-08-13 13:41:25,676 WARNING layer sweep cache failed on stereo_da9ca390: 'Qwen2DecoderLayer' object has no attribute 'output'
2026-08-13 13:41:25,678 WARNING layer sweep cache failed on stereo_da9ca390: 'Qwen2DecoderLayer' object has no attribute 'output'
2026-08-13 13:41:25,681 WARNING layer sweep cache failed on stereo_dcf903be: 'Qwen2DecoderLayer' object has no attribute 'output'
2026-08-13 13:41:25,683 WARNING layer sweep cache failed on stereo_dcf903be: 'Qwen2DecoderLayer' object has no attribute 'output'
2026-08-13 13:41:25,685 WARNING layer sweep cache failed on stereo_dcf903be: 'Qwen2DecoderLayer' object has no attribute 'output'
2026-08-13 13:41:25,688 WARNING layer sweep cache failed on stereo_dda9c822: 'Qwen2DecoderLayer' object has no attribute 'output'
2026-08-13 13:41:25,691 WARNING layer sweep cache failed on stereo_e0618159: 'Qwen2DecoderLayer' object has no attribute 'output'
2026-08-13 13:41:25,693 WARNING layer sweep cache failed on stereo_e0618159: 'Qwen2DecoderLayer' object has no attribute 'output'
2026-08-13 13:41:25,696 WARNING layer sweep cache failed on stereo_e0618159: 'Qwen2DecoderLayer' object has no attribute 'output'
2026-08-13 13:41:25,699 WARNING layer sweep cache failed on stereo_e0618159: 'Qwen2DecoderLayer' object has no attribute 'output'
2026-08-13 13:41:25,702 WARNING layer sweep cache failed on stereo_e0618159: 'Qwen2DecoderLayer' object has no attribute 'output'
2026-08-13 13:41:25,705 WARNING layer sweep cache failed on stereo_e0618159: 'Qwen2DecoderLayer' object has no attribute 'output'
2026-08-13 13:41:25,707 WARNING layer sweep cache failed on stereo_e220e504: 'Qwen2DecoderLayer' object has no attribute 'output'
2026-08-13 13:41:25,710 WARNING layer sweep cache failed on stereo_e220e504: 'Qwen2DecoderLayer' object has no attribute 'output'
2026-08-13 13:41:25,713 WARNING layer sweep cache failed on stereo_e220e504: 'Qwen2DecoderLayer' object has no attribute 'output'
2026-08-13 13:41:25,716 WARNING layer sweep cache failed on stereo_e220e504: 'Qwen2DecoderLayer' object has no attribute 'output'
2026-08-13 13:41:25,718 WARNING layer sweep cache failed on stereo_e32208ad: 'Qwen2DecoderLayer' object has no attribute 'output'
2026-08-13 13:41:25,720 WARNING layer sweep cache failed on stereo_e32208ad: 'Qwen2DecoderLayer' object has no attribute 'output'
2026-08-13 13:41:25,723 WARNING layer sweep cache failed on stereo_e32208ad: 'Qwen2DecoderLayer' object has no attribute 'output'
2026-08-13 13:41:25,725 WARNING layer sweep cache failed on stereo_e854b335: 'Qwen2DecoderLayer' object has no attribute 'output'
2026-08-13 13:41:25,728 WARNING layer sweep cache failed on stereo_e854b335: 'Qwen2DecoderLayer' object has no attribute 'output'
2026-08-13 13:41:25,730 WARNING layer sweep cache failed on stereo_e9d8155e: 'Qwen2DecoderLayer' object has no attribute 'output'
2026-08-13 13:41:25,732 WARNING layer sweep cache failed on stereo_e9d8155e: 'Qwen2DecoderLayer' object has no attribute 'output'
2026-08-13 13:41:25,735 WARNING layer sweep cache failed on stereo_ea9c4d16: 'Qwen2DecoderLayer' object has no attribute 'output'
2026-08-13 13:41:25,737 WARNING layer sweep cache failed on stereo_ea9c4d16: 'Qwen2DecoderLayer' object has no attribute 'output'
2026-08-13 13:41:25,740 WARNING layer sweep cache failed on stereo_eef708f8: 'Qwen2DecoderLayer' object has no attribute 'output'
2026-08-13 13:41:25,742 WARNING layer sweep cache failed on stereo_eef708f8: 'Qwen2DecoderLayer' object has no attribute 'output'
2026-08-13 13:41:25,744 WARNING layer sweep cache failed on stereo_eef708f8: 'Qwen2DecoderLayer' object has no attribute 'output'
2026-08-13 13:41:25,746 WARNING layer sweep cache failed on stereo_ef90dcdb: 'Qwen2DecoderLayer' object has no attribute 'output'
2026-08-13 13:41:25,749 WARNING layer sweep cache failed on stereo_ef90dcdb: 'Qwen2DecoderLayer' object has no attribute 'output'
2026-08-13 13:41:25,751 WARNING layer sweep cache failed on stereo_ef90dcdb: 'Qwen2DecoderLayer' object has no attribute 'output'
2026-08-13 13:41:25,753 WARNING layer sweep cache failed on stereo_ef90dcdb: 'Qwen2DecoderLayer' object has no attribute 'output'
2026-08-13 13:41:25,756 WARNING layer sweep cache failed on stereo_eff60d6b: 'Qwen2DecoderLayer' object has no attribute 'output'
2026-08-13 13:41:25,758 WARNING layer sweep cache failed on stereo_eff60d6b: 'Qwen2DecoderLayer' object has no attribute 'output'
2026-08-13 13:41:25,761 WARNING layer sweep cache failed on stereo_eff60d6b: 'Qwen2DecoderLayer' object has no attribute 'output'
2026-08-13 13:41:25,763 WARNING layer sweep cache failed on stereo_eff60d6b: 'Qwen2DecoderLayer' object has no attribute 'output'
2026-08-13 13:41:25,766 WARNING layer sweep cache failed on stereo_effd5253: 'Qwen2DecoderLayer' object has no attribute 'output'
2026-08-13 13:41:25,768 WARNING layer sweep cache failed on stereo_effd5253: 'Qwen2DecoderLayer' object has no attribute 'output'
2026-08-13 13:41:25,770 WARNING layer sweep cache failed on stereo_effd5253: 'Qwen2DecoderLayer' object has no attribute 'output'
2026-08-13 13:41:25,772 WARNING layer sweep cache failed on stereo_effd5253: 'Qwen2DecoderLayer' object has no attribute 'output'
2026-08-13 13:41:25,775 WARNING layer sweep cache failed on stereo_f0b19572: 'Qwen2DecoderLayer' object has no attribute 'output'
2026-08-13 13:41:25,778 WARNING layer sweep cache failed on stereo_f4425d40: 'Qwen2DecoderLayer' object has no attribute 'output'
2026-08-13 13:41:25,780 WARNING layer sweep cache failed on stereo_f4425d40: 'Qwen2DecoderLayer' object has no attribute 'output'
2026-08-13 13:41:25,783 WARNING layer sweep cache failed on stereo_f4425d40: 'Qwen2DecoderLayer' object has no attribute 'output'
2026-08-13 13:41:25,785 WARNING layer sweep cache failed on stereo_f5ca5238: 'Qwen2DecoderLayer' object has no attribute 'output'
2026-08-13 13:41:25,787 WARNING layer sweep cache failed on stereo_f6664c1c: 'Qwen2DecoderLayer' object has no attribute 'output'
2026-08-13 13:41:25,790 WARNING layer sweep cache failed on stereo_f6664c1c: 'Qwen2DecoderLayer' object has no attribute 'output'
2026-08-13 13:41:25,792 WARNING layer sweep cache failed on stereo_f91ea069: 'Qwen2DecoderLayer' object has no attribute 'output'
2026-08-13 13:41:25,795 WARNING layer sweep cache failed on stereo_fad0127e: 'Qwen2DecoderLayer' object has no attribute 'output'
2026-08-13 13:41:25,798 WARNING layer sweep cache failed on stereo_fad0127e: 'Qwen2DecoderLayer' object has no attribute 'output'
2026-08-13 13:41:25,801 WARNING layer sweep cache failed on stereo_fad0127e: 'Qwen2DecoderLayer' object has no attribute 'output'
2026-08-13 13:41:25,804 WARNING layer sweep cache failed on stereo_fad0127e: 'Qwen2DecoderLayer' object has no attribute 'output'
2026-08-13 13:41:25,807 WARNING layer sweep cache failed on stereo_fad0127e: 'Qwen2DecoderLayer' object has no attribute 'output'
2026-08-13 13:41:27,464 INFO qwen2.5-7b-instruct mediation: 598 units
2026-08-13 13:41:48,293 INFO qwen2.5-7b-instruct hi CDVA: 3670 units, located 24/3670
2026-08-13 13:42:10,049 INFO qwen2.5-7b-instruct bn CDVA: 3510 units, located 0/3510
2026-08-13 13:42:10,098 INFO qwen2.5-7b-instruct behavioural hi: 2644 prompts
/usr/local/lib/python3.12/dist-packages/transformers/generation/configuration_utils.py:633: UserWarning: `do_sample` is set to `False`. However, `top_p` is set to `0.8` -- this flag is only used in sample-based generation modes. You should set `do_sample=True` or unset `top_p`.
  warnings.warn(
/usr/local/lib/python3.12/dist-packages/transformers/generation/configuration_utils.py:650: UserWarning: `do_sample` is set to `False`. However, `top_k` is set to `20` -- this flag is only used in sample-based generation modes. You should set `do_sample=True` or unset `top_k`.
  warnings.warn(
/usr/local/lib/python3.12/dist-packages/transformers/generation/configuration_utils.py:633: UserWarning: `do_sample` is set to `False`. However, `top_p` is set to `0.8` -- this flag is only used in sample-based generation modes. You should set `do_sample=True` or unset `top_p`.
  warnings.warn(
/usr/local/lib/python3.12/dist-packages/transformers/generation/configuration_utils.py:650: UserWarning: `do_sample` is set to `False`. However, `top_k` is set to `20` -- this flag is only used in sample-based generation modes. You should set `do_sample=True` or unset `top_k`.
  warnings.warn(
2026-08-13 13:43:02,593 INFO OSM qwen2.5-7b-instruct: 104/2644 prompts done (sample_index=0, batch_size=8).
2026-08-13 13:43:54,171 INFO OSM qwen2.5-7b-instruct: 200/2644 prompts done (sample_index=0, batch_size=8).
2026-08-13 13:45:00,917 INFO OSM qwen2.5-7b-instruct: 304/2644 prompts done (sample_index=0, batch_size=8).
2026-08-13 13:45:48,290 INFO OSM qwen2.5-7b-instruct: 400/2644 prompts done (sample_index=0, batch_size=8).
2026-08-13 13:46:56,679 INFO OSM qwen2.5-7b-instruct: 504/2644 prompts done (sample_index=0, batch_size=8).
2026-08-13 13:47:50,950 INFO OSM qwen2.5-7b-instruct: 600/2644 prompts done (sample_index=0, batch_size=8).
